id,llm_expected,llm_argmax,p0,p1,p2,p3,p4,p5,p6,p7,p8,p9
"[1, [[1, 2], [3, 2], [4, 2], [5, 2]], [1, 1], [5, 5]]",4.556991347389668,4,0.0000,0.0000,0.0000,0.0229,0.4605,0.4605,0.0485,0.0074,0.0000,0.0000
"[1, [[2, 2], [2, 3], [2, 4], [2, 5]], [1, 1], [5, 5]]",4.925903067773883,5,0.0000,0.0000,0.0000,0.0103,0.3003,0.4952,0.1419,0.0522,0.0002,0.0000
"[1, [[1, 4], [3, 4], [4, 4], [5, 4]], [1, 1], [5, 5]]",4.504300931957465,4,0.0000,0.0000,0.0000,0.0256,0.5132,0.3997,0.0541,0.0073,0.0000,0.0000
"[1, [[2, 4], [3, 4], [4, 4], [5, 4]], [1, 1], [5, 5]]",4.5447388658697605,4,0.0000,0.0000,0.0001,0.0293,0.4579,0.4579,0.0483,0.0065,0.0000,0.0000
"[1, [[1, 4], [2, 4], [3, 4], [4, 4]], [1, 1], [5, 5]]",4.396469349833916,4,0.0000,0.0000,0.0001,0.0367,0.5743,0.3483,0.0367,0.0039,0.0000,0.0000
"[1, [[2, 1], [2, 3], [2, 4], [2, 5]], [1, 1], [5, 5]]",4.91137326375999,5,0.0000,0.0000,0.0000,0.0103,0.2657,0.5625,0.1255,0.0360,0.0001,0.0000
"[1, [[2, 1], [2, 2], [2, 3], [2, 4]], [1, 1], [5, 5]]",4.684346031326188,5,0.0000,0.0000,0.0000,0.0152,0.3927,0.5042,0.0682,0.0196,0.0001,0.0000
"[1, [[1, 4], [2, 4], [4, 4], [5, 4]], [1, 1], [5, 5]]",4.696095360682101,5,0.0000,0.0000,0.0000,0.0170,0.3861,0.4958,0.0862,0.0150,0.0000,0.0000
"[1, [[4, 1], [4, 2], [4, 3], [4, 4]], [1, 1], [5, 5]]",5.152577602598538,5,0.0000,0.0000,0.0000,0.0069,0.2272,0.4810,0.1770,0.1073,0.0006,0.0000
"[1, [[4, 1], [4, 2], [4, 4], [4, 5]], [1, 1], [5, 5]]",5.46341884046004,5,0.0000,0.0000,0.0000,0.0023,0.1263,0.4409,0.2674,0.1622,0.0009,0.0000
"[2, [[2, 1], [2, 2], [2, 4], [2, 5], [3, 2], [4, 2], [5, 2]], [1, 1], [5, 5]]",5.135293534311144,5,0.0000,0.0000,0.0000,0.0046,0.1957,0.5319,0.1957,0.0720,0.0002,0.0000
"[2, [[2, 2], [2, 3], [2, 4], [2, 5], [4, 1], [4, 2], [4, 3], [4, 4]], [1, 1], [5, 5]]",5.462413515868828,5,0.0000,0.0000,0.0000,0.0030,0.1262,0.4405,0.2672,0.1621,0.0011,0.0000
"[2, [[1, 2], [1, 4], [2, 2], [2, 4], [3, 4], [4, 2], [4, 4], [5, 2]], [1, 1], [5, 5]]",5.000344166095132,5,0.0000,0.0000,0.0000,0.0058,0.2186,0.5941,0.1326,0.0488,0.0002,0.0000
"[2, [[1, 2], [1, 4], [2, 2], [2, 4], [3, 2], [3, 4], [4, 2], [4, 4]], [1, 1], [5, 5]]",4.704162643767264,5,0.0000,0.0000,0.0000,0.0150,0.3861,0.4957,0.0861,0.0170,0.0001,0.0000
"[2, [[1, 4], [2, 1], [2, 2], [2, 4], [2, 5], [3, 4], [4, 4]], [1, 1], [5, 5]]",5.0018584788382325,5,0.0000,0.0000,0.0000,0.0059,0.2518,0.5331,0.1527,0.0562,0.0001,0.0000
"[2, [[1, 4], [2, 4], [3, 4], [4, 1], [4, 3], [4, 4], [4, 5]], [1, 1], [5, 5]]",5.46294117482963,5,0.0000,0.0000,0.0000,0.0023,0.1263,0.4410,0.2675,0.1622,0.0007,0.0000
"[2, [[1, 4], [2, 1], [2, 2], [2, 4], [2, 5], [3, 4], [5, 4]], [1, 1], [5, 5]]",5.000293247110778,5,0.0000,0.0000,0.0000,0.0058,0.2186,0.5941,0.1326,0.0488,0.0001,0.0000
"[2, [[2, 1], [2, 2], [2, 3], [2, 5], [3, 2], [4, 2], [5, 2]], [1, 1], [5, 5]]",5.001613457962605,5,0.0000,0.0000,0.0000,0.0051,0.2187,0.5945,0.1327,0.0488,0.0001,0.0000
"[2, [[2, 4], [3, 4], [4, 1], [4, 2], [4, 3], [4, 4], [5, 4]], [1, 1], [5, 5]]",5.462659799092862,5,0.0000,0.0000,0.0000,0.0026,0.1263,0.4408,0.2673,0.1621,0.0009,0.0000
"[2, [[2, 1], [2, 2], [2, 3], [2, 4], [3, 4], [4, 4], [5, 4]], [1, 1], [5, 5]]",4.849543540386808,5,0.0000,0.0000,0.0000,0.0085,0.3176,0.5236,0.1168,0.0335,0.0001,0.0000
"[3, [[2, 1], [2, 2], [2, 4], [2, 5], [3, 2], [4, 1], [4, 2], [4, 4], [4, 5], [5, 2]], [1, 1], [5, 5]]",5.150587866286479,5,0.0000,0.0000,0.0000,0.0039,0.1670,0.5829,0.1670,0.0789,0.0002,0.0000
"[3, [[2, 1], [2, 2], [2, 3], [2, 4], [3, 2], [4, 1], [4, 2], [4, 3], [4, 4], [5, 2]], [1, 1], [5, 5]]",5.189325472054003,5,0.0000,0.0000,0.0000,0.0037,0.1594,0.5565,0.2047,0.0753,0.0003,0.0000
"[3, [[1, 2], [1, 4], [2, 2], [2, 3], [2, 4], [2, 5], [3, 2], [4, 4], [5, 2], [5, 4]], [1, 1], [5, 5]]",5.359038880325304,5,0.0000,0.0000,0.0000,0.0019,0.1160,0.5200,0.2456,0.1160,0.0004,0.0000
"[3, [[1, 2], [1, 4], [2, 2], [2, 4], [3, 2], [3, 4], [4, 2], [4, 3], [4, 4], [4, 5]], [1, 1], [5, 5]]",5.3641261444243895,5,0.0000,0.0000,0.0000,0.0037,0.1395,0.4867,0.2299,0.1395,0.0007,0.0000
"[3, [[1, 4], [2, 2], [2, 3], [2, 4], [2, 5], [4, 1], [4, 2], [4, 3], [4, 4], [5, 4]], [1, 1], [5, 5]]",5.759207960484151,5,0.0000,0.0000,0.0000,0.0015,0.0800,0.3586,0.2792,0.2792,0.0015,0.0000
"[3, [[1, 2], [1, 4], [2, 4], [3, 2], [3, 4], [4, 1], [4, 2], [4, 4], [4, 5], [5, 2]], [1, 1], [5, 5]]",5.890951116462198,5,0.0000,0.0000,0.0000,0.0008,0.0546,0.3144,0.3144,0.3144,0.0013,0.0000
"[3, [[2, 1], [2, 2], [2, 3], [2, 4], [3, 4], [4, 1], [4, 2], [4, 3], [4, 4], [5, 4]], [1, 1], [5, 5]]",5.365646269513562,5,0.0000,0.0000,0.0000,0.0029,0.1396,0.4872,0.2301,0.1396,0.0006,0.0000
"[3, [[1, 2], [2, 2], [2, 3], [2, 4], [2, 5], [4, 1], [4, 2], [4, 3], [4, 4], [5, 2]], [1, 1], [5, 5]]",5.429870897459182,5,0.0000,0.0000,0.0000,0.0022,0.1343,0.4688,0.2215,0.1725,0.0007,0.0000
"[3, [[2, 1], [2, 2], [2, 3], [2, 4], [3, 2], [3, 4], [4, 2], [4, 4], [5, 2], [5, 4]], [1, 1], [5, 5]]",4.976704990033439,5,0.0000,0.0000,0.0000,0.0060,0.2550,0.5399,0.1547,0.0443,0.0001,0.0000
"[3, [[1, 4], [2, 1], [2, 3], [2, 4], [2, 5], [3, 4], [4, 1], [4, 2], [4, 4], [4, 5]], [1, 1], [5, 5]]",5.53174783855361,5,0.0000,0.0000,0.0000,0.0020,0.1208,0.4216,0.2557,0.1991,0.0008,0.0000
"[1, [[2, 2], [3, 2], [4, 2], [5, 2], [6, 2], [7, 2]], [1, 1], [7, 7]]",4.687640667313983,5,0.0000,0.0000,0.0000,0.0244,0.3824,0.4910,0.0853,0.0168,0.0000,0.0000
"[1, [[1, 4], [2, 4], [3, 4], [4, 4], [5, 4], [6, 4]], [1, 1], [7, 7]]",4.569007941243157,4,0.0000,0.0000,0.0001,0.0365,0.4449,0.4449,0.0602,0.0134,0.0000,0.0000
"[1, [[1, 2], [2, 2], [3, 2], [5, 2], [6, 2], [7, 2]], [1, 1], [7, 7]]",4.832114501672719,5,0.0000,0.0000,0.0000,0.0177,0.3146,0.5187,0.1157,0.0332,0.0001,0.0000
"[1, [[6, 1], [6, 2], [6, 3], [6, 4], [6, 5], [6, 7]], [1, 1], [7, 7]]",5.914068147186233,7,0.0000,0.0000,0.0000,0.0029,0.0849,0.2964,0.2309,0.3806,0.0042,0.0000
"[1, [[4, 2], [4, 3], [4, 4], [4, 5], [4, 6], [4, 7]], [1, 1], [7, 7]]",5.761281978224225,5,0.0000,0.0000,0.0000,0.0040,0.1161,0.3157,0.2458,0.3157,0.0027,0.0000
"[1, [[4, 1], [4, 2], [4, 3], [4, 4], [4, 5], [4, 6]], [1, 1], [7, 7]]",5.554974217221848,5,0.0000,0.0000,0.0000,0.0048,0.1416,0.3848,0.2334,0.2334,0.0020,0.0000
"[1, [[6, 1], [6, 2], [6, 3], [6, 4], [6, 5], [6, 6]], [1, 1], [7, 7]]",5.699950972761316,5,0.0000,0.0000,0.0000,0.0072,0.1436,0.3040,0.2368,0.3040,0.0043,0.0000
"[1, [[1, 6], [2, 6], [3, 6], [4, 6], [5, 6], [7, 6]], [1, 1], [7, 7]]",4.8480899443100585,5,0.0000,0.0000,0.0000,0.0199,0.3109,0.5126,0.1144,0.0421,0.0001,0.0000
"[1, [[2, 1], [2, 2], [2, 4], [2, 5], [2, 6], [2, 7]], [1, 1], [7, 7]]",5.9835626786681395,7,0.0000,0.0000,0.0000,0.0010,0.0501,0.2882,0.2882,0.3700,0.0025,0.0000
"[1, [[1, 2], [2, 2], [3, 2], [4, 2], [6, 2], [7, 2]], [1, 1], [7, 7]]",4.645997255774529,5,0.0000,0.0000,0.0001,0.0318,0.3878,0.4979,0.0674,0.0150,0.0000,0.0000
"[2, [[2, 2], [3, 2], [4, 2], [5, 2], [6, 1], [6, 2], [6, 3], [6, 4], [6, 5], [6, 6], [7, 2]], [1, 1], [7, 7]]",6.350279750500392,7,0.0000,0.0000,0.0000,0.0006,0.0273,0.1571,0.2590,0.5482,0.0078,0.0000
"[2, [[2, 1], [2, 2], [2, 3], [2, 4], [2, 6], [2, 7], [3, 4], [4, 4], [5, 4], [6, 4], [7, 4]], [1, 1], [7, 7]]",6.0746431721213465,7,0.0000,0.0000,0.0000,0.0006,0.0422,0.2430,0.3120,0.4006,0.0016,0.0000
"[2, [[1, 6], [2, 2], [2, 6], [3, 2], [4, 2], [4, 6], [5, 2], [5, 6], [6, 2], [6, 6], [7, 2], [7, 6]], [1, 1], [7, 7]]",5.272584026997998,5,0.0000,0.0000,0.0000,0.0040,0.1519,0.5303,0.1951,0.1183,0.0003,0.0000
"[2, [[1, 6], [2, 6], [3, 6], [4, 6], [5, 6], [6, 1], [6, 2], [6, 3], [6, 4], [6, 6], [6, 7]], [1, 1], [7, 7]]",6.150569048010256,7,0.0000,0.0000,0.0000,0.0009,0.0480,0.2151,0.2762,0.4554,0.0045,0.0000
"[2, [[4, 1], [4, 2], [4, 3], [4, 5], [4, 6], [4, 7], [6, 1], [6, 2], [6, 3], [6, 4], [6, 6], [6, 7]], [1, 1], [7, 7]]",5.863165791791782,5,0.0000,0.0000,0.0000,0.0014,0.0689,0.3090,0.3090,0.3090,0.0027,0.0000
"[2, [[1, 4], [2, 4], [3, 4], [4, 2], [4, 3], [4, 4], [4, 5], [4, 6], [4, 7], [6, 4], [7, 4]], [1, 1], [7, 7]]",6.075829941996917,7,0.0000,0.0000,0.0000,0.0007,0.0422,0.2428,0.3117,0.4003,0.0024,0.0000
"[2, [[1, 2], [2, 2], [3, 2], [4, 2], [5, 2], [6, 2], [6, 3], [6, 4], [6, 5], [6, 6], [6, 7]], [1, 1], [7, 7]]",5.951499466363031,7,0.0000,0.0000,0.0000,0.0020,0.0675,0.3027,0.2357,0.3887,0.0034,0.0000
"[2, [[2, 1], [2, 2], [2, 3], [2, 4], [2, 5], [2, 7], [3, 2], [4, 2], [5, 2], [6, 2], [7, 2]], [1, 1], [7, 7]]",6.102212371022532,7,0.0000,0.0000,0.0000,0.0007,0.0357,0.2635,0.2635,0.4344,0.0023,0.0000
"[2, [[1, 2], [1, 6], [2, 2], [2, 6], [3, 2], [3, 6], [4, 2], [4, 6], [5, 2], [6, 6], [7, 2], [7, 6]], [1, 1], [7, 7]]",5.408677710148834,5,0.0000,0.0000,0.0000,0.0030,0.1122,0.5028,0.2375,0.1441,0.0004,0.0000
"[2, [[1, 2], [1, 4], [2, 4], [3, 2], [3, 4], [4, 2], [4, 4], [5, 2], [5, 4], [6, 2], [7, 2], [7, 4]], [1, 1], [7, 7]]",5.0610158885067476,5,0.0000,0.0000,0.0000,0.0063,0.2077,0.5646,0.1618,0.0595,0.0002,0.0000
"[3, [[1, 2], [1, 6], [2, 2], [2, 6], [3, 2], [3, 6], [4, 2], [4, 6], [5, 2], [5, 6], [6, 2], [6, 3], [6, 4], [6, 5], [6, 6], [6, 7]], [1, 1], [7, 7]]",5.955553773683025,7,0.0000,0.0000,0.0000,0.0013,0.0634,0.2840,0.2840,0.3646,0.0028,0.0000
"[3, [[1, 4], [2, 2], [2, 3], [2, 4], [2, 5], [2, 6], [2, 7], [3, 4], [4, 4], [5, 4], [6, 1], [6, 2], [6, 4], [6, 5], [6, 6], [6, 7]], [1, 1], [7, 7]]",5.884009600356788,5,0.0000,0.0000,0.0000,0.0011,0.0587,0.3376,0.2629,0.3376,0.0023,0.0000
"[3, [[2, 4], [2, 6], [3, 4], [3, 6], [4, 4], [4, 6], [5, 4], [5, 6], [6, 1], [6, 2], [6, 3], [6, 4], [6, 5], [6, 6], [7, 4], [7, 6]], [1, 1], [7, 7]]",5.719939835421504,5,0.0000,0.0000,0.0000,0.0018,0.1004,0.3503,0.2728,0.2728,0.0018,0.0000
"[3, [[2, 1], [2, 2], [2, 3], [2, 4], [2, 6], [2, 7], [4, 1], [4, 3], [4, 4], [4, 5], [4, 6], [4, 7], [6, 1], [6, 2], [6, 4], [6, 5], [6, 6], [6, 7]], [1, 1], [7, 7]]",6.051969358081556,7,0.0000,0.0000,0.0000,0.0009,0.0535,0.2397,0.3078,0.3952,0.0030,0.0000
"[3, [[2, 4], [3, 4], [4, 1], [4, 2], [4, 3], [4, 4], [4, 5], [4, 7], [5, 4], [6, 1], [6, 2], [6, 3], [6, 4], [6, 5], [6, 7], [7, 4]], [1, 1], [7, 7]]",5.8613555489297,5,0.0000,0.0000,0.0000,0.0016,0.0690,0.3091,0.3091,0.3091,0.0021,0.0000
"[3, [[2, 1], [2, 2], [2, 3], [2, 4], [2, 5], [2, 7], [3, 2], [4, 2], [5, 2], [6, 1], [6, 2], [6, 3], [6, 4], [6, 5], [6, 7], [7, 2]], [1, 1], [7, 7]]",6.358748085626057,7,0.0000,0.0000,0.0000,0.0003,0.0215,0.1587,0.2617,0.5540,0.0037,0.0000
"[3, [[1, 6], [2, 2], [2, 3], [2, 4], [2, 5], [2, 6], [2, 7], [3, 6], [4, 6], [5, 6], [6, 1], [6, 3], [6, 4], [6, 5], [6, 6], [6, 7]], [1, 1], [7, 7]]",6.105254322314179,7,0.0000,0.0000,0.0000,0.0006,0.0356,0.2631,0.2631,0.4338,0.0038,0.0000
"[3, [[2, 1], [2, 2], [2, 3], [2, 4], [2, 5], [2, 6], [3, 2], [3, 6], [4, 2], [4, 6], [5, 2], [5, 6], [6, 2], [6, 6], [7, 2], [7, 6]], [1, 1], [7, 7]]",5.63411212687274,5,0.0000,0.0000,0.0000,0.0025,0.1068,0.3729,0.2904,0.2262,0.0010,0.0000
"[3, [[1, 2], [1, 6], [2, 2], [2, 6], [3, 2], [3, 6], [5, 2], [5, 6], [6, 1], [6, 2], [6, 3], [6, 4], [6, 5], [6, 6], [7, 2], [7, 6]], [1, 1], [7, 7]]",6.08145900653373,7,0.0000,0.0000,0.0000,0.0009,0.0453,0.2606,0.2606,0.4297,0.0029,0.0000
"[3, [[1, 2], [1, 4], [2, 2], [3, 4], [4, 1], [4, 2], [4, 3], [4, 4], [4, 6], [4, 7], [5, 2], [5, 4], [6, 2], [6, 4], [7, 2], [7, 4]], [1, 1], [7, 7]]",6.267845296524106,7,0.0000,0.0000,0.0000,0.0003,0.0245,0.1811,0.2986,0.4922,0.0033,0.0000
"[1, [[6, 1], [6, 3], [6, 4], [6, 5], [6, 6], [6, 7], [6, 8], [6, 9]], [1, 1], [9, 9]]",6.430508260657447,7,0.0000,0.0000,0.0000,0.0015,0.0400,0.1395,0.1791,0.6252,0.0147,0.0000
"[1, [[1, 4], [2, 4], [3, 4], [4, 4], [5, 4], [6, 4], [7, 4], [9, 4]], [1, 1], [9, 9]]",5.099909999082817,5,0.0000,0.0000,0.0000,0.0102,0.2321,0.4913,0.1807,0.0854,0.0003,0.0000
"[1, [[1, 6], [2, 6], [3, 6], [5, 6], [6, 6], [7, 6], [8, 6], [9, 6]], [1, 1], [9, 9]]",5.102437019851359,5,0.0000,0.0000,0.0000,0.0090,0.2324,0.4919,0.1810,0.0855,0.0003,0.0000
"[1, [[1, 6], [2, 6], [4, 6], [5, 6], [6, 6], [7, 6], [8, 6], [9, 6]], [1, 1], [9, 9]]",5.308593609164059,5,0.0000,0.0000,0.0000,0.0049,0.1438,0.5019,0.2371,0.1120,0.0004,0.0000
"[1, [[4, 2], [4, 3], [4, 4], [4, 5], [4, 6], [4, 7], [4, 8], [4, 9]], [1, 1], [9, 9]]",5.570612376360322,5,0.0000,0.0000,0.0000,0.0118,0.1627,0.3445,0.2089,0.2683,0.0038,0.0000
"[1, [[4, 1], [4, 2], [4, 3], [4, 4], [4, 5], [4, 6], [4, 7], [4, 8]], [1, 1], [9, 9]]",5.866200535348012,7,0.0000,0.0000,0.0000,0.0047,0.1062,0.2886,0.2247,0.3705,0.0053,0.0000
"[1, [[6, 1], [6, 2], [6, 3], [6, 4], [6, 5], [6, 6], [6, 8], [6, 9]], [1, 1], [9, 9]]",6.163459053298128,7,0.0000,0.0000,0.0000,0.0017,0.0509,0.2282,0.2282,0.4831,0.0078,0.0000
"[1, [[2, 2], [2, 3], [2, 4], [2, 5], [2, 6], [2, 7], [2, 8], [2, 9]], [1, 1], [9, 9]]",5.577217890109101,5,0.0000,0.0000,0.0000,0.0081,0.1635,0.3462,0.2100,0.2696,0.0026,0.0000
"[1, [[8, 1], [8, 2], [8, 3], [8, 4], [8, 5], [8, 6], [8, 7], [8, 9]], [1, 1], [9, 9]]",6.606451746065659,7,0.0000,0.0000,0.0000,0.0008,0.0213,0.0953,0.1571,0.7042,0.0213,0.0000
"[1, [[8, 1], [8, 2], [8, 3], [8, 4], [8, 5], [8, 7], [8, 8], [8, 9]], [1, 1], [9, 9]]",6.60823126642711,7,0.0000,0.0000,0.0000,0.0005,0.0168,0.0966,0.1593,0.7138,0.0131,0.0000
"[2, [[1, 2], [2, 2], [3, 2], [4, 2], [5, 2], [6, 2], [6, 3], [6, 4], [6, 5], [6, 6], [6, 7], [6, 8], [6, 9], [7, 2], [8, 2]], [1, 1], [9, 9]]",6.325834010442161,7,0.0000,0.0000,0.0000,0.0018,0.0468,0.1632,0.2095,0.5695,0.0092,0.0000
"[2, [[2, 1], [2, 2], [2, 3], [2, 4], [2, 5], [2, 6], [2, 8], [2, 9], [3, 4], [4, 4], [5, 4], [6, 4], [7, 4], [8, 4], [9, 4]], [1, 1], [9, 9]]",6.2662865365163,7,0.0000,0.0000,0.0000,0.0004,0.0245,0.1812,0.2987,0.4926,0.0026,0.0000
"[2, [[1, 4], [1, 6], [2, 4], [2, 6], [3, 4], [3, 6], [4, 4], [4, 6], [5, 4], [5, 6], [6, 6], [7, 4], [7, 6], [8, 4], [9, 4], [9, 6]], [1, 1], [9, 9]]",5.871444422662449,6,0.0000,0.0000,0.0000,0.0013,0.0635,0.2844,0.3652,0.2844,0.0012,0.0000
"[2, [[1, 6], [1, 8], [2, 6], [2, 8], [3, 6], [3, 8], [4, 8], [5, 6], [5, 8], [6, 6], [7, 6], [7, 8], [8, 6], [8, 8], [9, 6], [9, 8]], [1, 1], [9, 9]]",5.889925535479436,5,0.0000,0.0000,0.0000,0.0011,0.0546,0.3143,0.3143,0.3143,0.0013,0.0000
"[2, [[4, 1], [4, 2], [4, 3], [4, 4], [4, 6], [4, 7], [4, 8], [4, 9], [6, 1], [6, 2], [6, 3], [6, 4], [6, 5], [6, 7], [6, 8], [6, 9]], [1, 1], [9, 9]]",6.5351972829819935,7,0.0000,0.0000,0.0000,0.0003,0.0157,0.1162,0.1916,0.6688,0.0074,0.0000
"[2, [[1, 2], [2, 2], [3, 2], [4, 2], [4, 3], [4, 4], [4, 5], [4, 6], [4, 7], [4, 8], [4, 9], [6, 2], [7, 2], [8, 2], [9, 2]], [1, 1], [9, 9]]",5.910622813533677,7,0.0000,0.0000,0.0000,0.0037,0.0849,0.2963,0.2308,0.3805,0.0037,0.0000
"[2, [[1, 4], [2, 4], [3, 4], [5, 4], [6, 1], [6, 2], [6, 3], [6, 4], [6, 5], [6, 7], [6, 8], [6, 9], [7, 4], [8, 4], [9, 4]], [1, 1], [9, 9]]",6.535077535706925,7,0.0000,0.0000,0.0000,0.0003,0.0157,0.1162,0.1916,0.6687,0.0074,0.0000
"[2, [[1, 6], [2, 1], [2, 3], [2, 4], [2, 5], [2, 6], [2, 7], [2, 8], [2, 9], [3, 6], [5, 6], [6, 6], [7, 6], [8, 6], [9, 6]], [1, 1], [9, 9]]",5.849871505238611,5,0.0000,0.0000,0.0000,0.0015,0.0741,0.3322,0.2587,0.3322,0.0014,0.0000
"[2, [[1, 8], [2, 8], [3, 8], [4, 8], [6, 8], [7, 8], [8, 1], [8, 2], [8, 3], [8, 4], [8, 5], [8, 6], [8, 7], [8, 8], [9, 8]], [1, 1], [9, 9]]",6.709034995800306,7,0.0000,0.0000,0.0000,0.0005,0.0136,0.0782,0.1289,0.7419,0.0369,0.0000
"[2, [[1, 8], [2, 8], [3, 8], [4, 8], [5, 8], [6, 8], [7, 8], [8, 1], [8, 2], [8, 3], [8, 4], [8, 5], [8, 7], [8, 8], [8, 9]], [1, 1], [9, 9]]",6.7326330716846225,7,0.0000,0.0000,0.0000,0.0002,0.0076,0.0637,0.1348,0.7755,0.0182,0.0000
"[3, [[1, 2], [2, 2], [3, 2], [4, 2], [5, 2], [6, 2], [6, 3], [6, 4], [6, 5], [6, 6], [6, 7], [6, 8], [6, 9], [8, 1], [8, 2], [8, 3], [8, 4], [8, 5], [8, 6], [8, 7], [8, 8], [9, 2]], [1, 1], [9, 9]]",6.678527364200369,7,0.0000,0.0000,0.0000,0.0004,0.0139,0.0801,0.1320,0.7597,0.0139,0.0000
"[3, [[2, 1], [2, 2], [2, 3], [2, 4], [2, 5], [2, 7], [2, 8], [2, 9], [3, 4], [4, 1], [4, 2], [4, 3], [4, 4], [4, 5], [4, 6], [4, 7], [4, 8], [5, 4], [6, 4], [7, 4], [8, 4], [9, 4]], [1, 1], [9, 9]]",6.0800600048536895,7,0.0000,0.0000,0.0000,0.0008,0.0453,0.2609,0.2609,0.4301,0.0020,0.0000
"[3, [[1, 4], [1, 6], [1, 8], [2, 4], [2, 6], [2, 8], [3, 4], [3, 6], [3, 8], [4, 4], [4, 6], [4, 8], [5, 4], [5, 6], [5, 8], [6, 4], [6, 6], [6, 8], [7, 4], [7, 8], [8, 6], [8, 8], [9, 4], [9, 6]], [1, 1], [9, 9]]",5.70749633966058,5,0.0000,0.0000,0.0000,0.0018,0.0677,0.3897,0.3035,0.2364,0.0009,0.0000
"[3, [[1, 6], [1, 8], [2, 8], [3, 6], [3, 8], [4, 6], [4, 8], [5, 6], [5, 8], [6, 1], [6, 2], [6, 3], [6, 4], [6, 5], [6, 6], [6, 8], [6, 9], [7, 6], [8, 6], [8, 8], [9, 6], [9, 8]], [1, 1], [9, 9]]",6.582716136205919,7,0.0000,0.0000,0.0000,0.0003,0.0161,0.0924,0.1957,0.6830,0.0125,0.0000
"[3, [[2, 1], [2, 2], [2, 3], [2, 4], [2, 5], [2, 7], [2, 8], [2, 9], [4, 1], [4, 2], [4, 4], [4, 5], [4, 6], [4, 7], [4, 8], [4, 9], [6, 1], [6, 2], [6, 3], [6, 5], [6, 6], [6, 7], [6, 8], [6, 9]], [1, 1], [9, 9]]",6.696100599452102,7,0.0000,0.0000,0.0000,0.0001,0.0065,0.0619,0.1684,0.7546,0.0084,0.0000
"[3, [[2, 2], [3, 2], [4, 1], [4, 2], [4, 3], [4, 4], [4, 6], [4, 7], [4, 8], [4, 9], [5, 2], [6, 1], [6, 2], [6, 3], [6, 4], [6, 5], [6, 7], [6, 8], [6, 9], [7, 2], [8, 2], [9, 2]], [1, 1], [9, 9]]",6.754027113967535,7,0.0000,0.0000,0.0000,0.0001,0.0047,0.0509,0.1385,0.7969,0.0089,0.0000
"[3, [[1, 4], [3, 4], [4, 4], [5, 4], [6, 1], [6, 2], [6, 3], [6, 4], [6, 5], [6, 6], [6, 7], [6, 9], [7, 4], [8, 1], [8, 2], [8, 3], [8, 4], [8, 5], [8, 6], [8, 7], [8, 9], [9, 4]], [1, 1], [9, 9]]",6.805817464561452,7,0.0000,0.0000,0.0000,0.0001,0.0049,0.0412,0.1119,0.8268,0.0151,0.0000
"[3, [[1, 6], [1, 8], [2, 1], [2, 3], [2, 4], [2, 5], [2, 6], [2, 7], [2, 8], [2, 9], [3, 6], [3, 8], [4, 6], [4, 8], [5, 6], [5, 8], [6, 6], [6, 8], [7, 6], [7, 8], [8, 6], [8, 8]], [1, 1], [9, 9]]",5.759105047780649,5,0.0000,0.0000,0.0000,0.0017,0.0800,0.3584,0.2791,0.2791,0.0017,0.0000
"[3, [[1, 8], [2, 1], [2, 2], [2, 3], [2, 4], [2, 5], [2, 6], [2, 8], [2, 9], [3, 8], [4, 8], [5, 8], [6, 8], [7, 8], [8, 2], [8, 3], [8, 4], [8, 5], [8, 6], [8, 7], [8, 8], [8, 9]], [1, 1], [9, 9]]",6.764406014714903,7,0.0000,0.0000,0.0000,0.0001,0.0053,0.0504,0.1370,0.7886,0.0185,0.0000
"[3, [[1, 4], [1, 8], [2, 4], [2, 8], [3, 4], [3, 8], [4, 4], [4, 8], [5, 4], [5, 8], [6, 4], [6, 8], [7, 4], [7, 8], [8, 1], [8, 2], [8, 4], [8, 5], [8, 6], [8, 7], [8, 8], [8, 9]], [1, 1], [9, 9]]",6.824100471380551,7,0.0000,0.0000,0.0000,0.0001,0.0044,0.0324,0.1130,0.8349,0.0153,0.0000
