env_seed,budget,true,d_max,d_mean,d_auc,d_top
0,10,0.3666666666666667,0.7222222222222223,0.7944444444444444,0.7472222222222222,0.7407407407407408
1,10,0.4666666666666667,0.8611111111111112,0.9555555555555556,0.9527777777777778,0.9074074074074073
2,10,0.4833333333333334,0.6944444444444445,0.8361111111111111,0.8027777777777777,0.7129629629629631
3,10,0.30000000000000004,0.7222222222222222,0.8777777777777778,0.7222222222222222,0.7314814814814814
4,10,0.21666666666666667,0.8055555555555557,0.8944444444444445,0.8666666666666667,0.8148148148148149
5,10,0.30000000000000004,0.5277777777777778,0.8361111111111112,0.7861111111111111,0.6666666666666666
6,10,0.4666666666666667,0.7777777777777777,0.9166666666666666,0.861111111111111,0.8333333333333334
7,10,0.3666666666666667,0.9722222222222222,0.9777777777777779,0.9722222222222222,0.9722222222222222
8,10,0.6,0.8055555555555557,0.9249999999999999,0.8805555555555555,0.8425925925925926
9,10,0.16666666666666663,0.9166666666666666,0.9583333333333334,0.9388888888888888,0.9259259259259259
10,10,0.21666666666666667,0.8055555555555555,0.8861111111111111,0.85,0.8333333333333334
11,10,0.09999999999999998,0.9444444444444443,0.9444444444444443,0.9444444444444443,0.9444444444444443
12,10,0.6666666666666666,0.75,0.9055555555555556,0.8333333333333334,0.7685185185185185
13,10,0.30000000000000004,0.6666666666666666,0.8444444444444444,0.8138888888888888,0.7222222222222223
14,10,0.46666666666666656,1.0,1.0,1.0,1.0
15,10,0.3666666666666667,0.8611111111111112,0.9638888888888889,0.9527777777777778,0.9074074074074074
16,10,0.4666666666666667,0.8888888888888888,0.9305555555555557,0.9055555555555556,0.8888888888888888
17,10,0.30000000000000004,0.8611111111111112,0.9305555555555557,0.8888888888888888,0.8703703703703703
18,10,0.5,0.6111111111111112,0.8472222222222222,0.7805555555555556,0.6851851851851852
19,10,0.55,0.7777777777777778,0.9277777777777777,0.8777777777777778,0.8148148148148149
20,10,0.4833333333333334,0.7222222222222223,0.9,0.8666666666666667,0.7685185185185185
21,10,0.5166666666666667,0.8888888888888888,0.9305555555555557,0.9111111111111111,0.898148148148148
22,10,0.6,0.7777777777777778,0.8833333333333333,0.8361111111111111,0.7777777777777778
23,10,0.4666666666666667,0.888888888888889,0.975,0.9333333333333332,0.9166666666666666
24,10,0.6333333333333333,0.861111111111111,0.9055555555555556,0.8777777777777778,0.861111111111111
25,10,0.8,0.8611111111111112,0.9055555555555556,0.888888888888889,0.8611111111111112
26,10,0.5666666666666667,0.75,0.9222222222222222,0.8027777777777777,0.75
27,10,0.4666666666666667,0.888888888888889,0.9638888888888889,0.9444444444444445,0.888888888888889
28,10,0.30000000000000004,0.6111111111111112,0.7833333333333333,0.6833333333333332,0.6203703703703703
29,10,0.30000000000000004,0.7777777777777778,0.9166666666666666,0.875,0.8611111111111112
30,10,0.75,0.9722222222222222,0.9805555555555555,0.9777777777777779,0.9722222222222222
31,10,0.16666666666666663,0.7222222222222223,0.8555555555555555,0.7999999999999999,0.7407407407407408
32,10,0.4833333333333334,0.75,0.8805555555555555,0.8416666666666668,0.8148148148148149
33,10,0.5666666666666667,0.8055555555555557,0.8833333333333334,0.8694444444444445,0.8055555555555557
34,10,0.09999999999999998,0.6111111111111112,0.7277777777777779,0.7027777777777778,0.6296296296296297
35,10,0.55,0.9722222222222222,0.9916666666666667,0.9805555555555555,0.9722222222222222
36,10,0.5166666666666667,0.888888888888889,0.9277777777777777,0.9166666666666666,0.888888888888889
37,10,0.4666666666666667,1.0,1.0,1.0,1.0
38,10,0.6,0.8888888888888888,0.9333333333333332,0.9138888888888889,0.8888888888888888
39,10,0.5666666666666667,0.75,0.8722222222222222,0.8222222222222223,0.75
0,30,0.3666666666666667,0.6111111111111112,0.7648148148148147,0.6842592592592592,0.6111111111111112
1,30,0.4666666666666667,0.6944444444444445,0.8768518518518519,0.8564814814814815,0.7314814814814815
2,30,0.4833333333333334,0.638888888888889,0.7870370370370371,0.7157407407407407,0.6481481481481483
3,30,0.30000000000000004,0.5,0.7712962962962964,0.6111111111111112,0.5
4,30,0.21666666666666667,0.6388888888888888,0.8203703703703704,0.7601851851851852,0.6388888888888888
5,30,0.30000000000000004,0.5,0.825925925925926,0.762962962962963,0.6388888888888888
6,30,0.4666666666666667,0.75,0.8935185185185185,0.8037037037037038,0.7592592592592592
7,30,0.3666666666666667,0.7777777777777778,0.9148148148148149,0.9018518518518519,0.7777777777777778
8,30,0.6,0.75,0.9037037037037038,0.8074074074074075,0.7592592592592592
9,30,0.16666666666666663,0.6666666666666666,0.9314814814814815,0.8861111111111111,0.7407407407407408
10,30,0.21666666666666667,0.7222222222222223,0.8240740740740741,0.7777777777777777,0.7222222222222223
11,30,0.09999999999999998,0.6944444444444445,0.912962962962963,0.888888888888889,0.7870370370370371
12,30,0.6666666666666666,0.75,0.8638888888888889,0.7777777777777777,0.75
13,30,0.30000000000000004,0.5833333333333334,0.7861111111111111,0.6962962962962963,0.5833333333333334
14,30,0.46666666666666656,1.0,1.0,1.0,1.0
15,30,0.3666666666666667,0.6388888888888888,0.862962962962963,0.7944444444444444,0.6481481481481483
16,30,0.4666666666666667,0.7222222222222223,0.8462962962962962,0.7981481481481482,0.7222222222222223
17,30,0.30000000000000004,0.75,0.887962962962963,0.8527777777777779,0.8055555555555555
18,30,0.5,0.6111111111111112,0.8009259259259259,0.6675925925925926,0.6111111111111112
19,30,0.55,0.75,0.8583333333333334,0.799074074074074,0.75
20,30,0.4833333333333334,0.6666666666666666,0.8046296296296297,0.737037037037037,0.6666666666666666
21,30,0.5166666666666667,0.75,0.9064814814814816,0.8814814814814814,0.7777777777777777
22,30,0.6,0.75,0.850925925925926,0.7833333333333333,0.75
23,30,0.4666666666666667,0.888888888888889,0.9407407407407407,0.9037037037037038,0.888888888888889
24,30,0.6333333333333333,0.8333333333333334,0.8981481481481483,0.8574074074074073,0.8333333333333334
25,30,0.8,0.5555555555555556,0.8752645502645503,0.8406746031746032,0.7037037037037037
26,30,0.5666666666666667,0.638888888888889,0.8379629629629629,0.7268518518518517,0.6481481481481481
27,30,0.4666666666666667,0.888888888888889,0.9425925925925926,0.9074074074074074,0.888888888888889
28,30,0.30000000000000004,0.5277777777777778,0.7018518518518518,0.6064814814814815,0.5462962962962963
29,30,0.30000000000000004,0.6388888888888888,0.837037037037037,0.7611111111111111,0.6388888888888888
30,30,0.75,0.9444444444444445,0.975,0.9638888888888889,0.9444444444444445
31,30,0.16666666666666663,0.7222222222222223,0.8277777777777778,0.7481481481481481,0.7222222222222223
32,30,0.4833333333333334,0.6666666666666666,0.8407407407407407,0.7722222222222223,0.7222222222222223
33,30,0.5666666666666667,0.5277777777777778,0.8240740740740741,0.7527777777777778,0.6296296296296297
34,30,0.09999999999999998,0.5,0.6925925925925926,0.612037037037037,0.5
35,30,0.55,0.9166666666666666,0.9796296296296297,0.9611111111111112,0.9166666666666666
36,30,0.5166666666666667,0.8611111111111112,0.9074074074074074,0.8814814814814814,0.8611111111111112
37,30,0.4666666666666667,1.0,1.0,1.0,1.0
38,30,0.6,0.8333333333333334,0.9027777777777778,0.8694444444444445,0.8333333333333334
39,30,0.5666666666666667,0.611111111111111,0.7657407407407408,0.7027777777777778,0.611111111111111
0,50,0.3666666666666667,0.5833333333333334,0.7655555555555554,0.65,0.5833333333333334
1,50,0.4666666666666667,0.6944444444444445,0.835,0.7916666666666666,0.6944444444444445
2,50,0.4833333333333334,0.638888888888889,0.7772222222222221,0.685,0.638888888888889
3,50,0.30000000000000004,0.5,0.7288888888888888,0.5666666666666667,0.5
4,50,0.21666666666666667,0.25,0.7676143009037745,0.6903482190324296,0.4351851851851853
5,50,0.30000000000000004,0.4444444444444444,0.8033333333333333,0.7377777777777778,0.5833333333333334
6,50,0.4666666666666667,0.6944444444444443,0.8616666666666667,0.7655555555555557,0.6944444444444443
7,50,0.3666666666666667,0.5555555555555557,0.8605555555555556,0.7983333333333333,0.5555555555555557
8,50,0.6,0.75,0.8744444444444444,0.7844444444444445,0.75
9,50,0.16666666666666663,0.638888888888889,0.8822222222222221,0.7927777777777778,0.6574074074074074
10,50,0.21666666666666667,0.7222222222222223,0.8144444444444444,0.7555555555555555,0.7222222222222223
11,50,0.09999999999999998,0.4444444444444445,0.8594444444444443,0.8001262626262626,0.5555555555555556
12,50,0.6666666666666666,0.7222222222222223,0.846111111111111,0.7588888888888888,0.7222222222222223
13,50,0.30000000000000004,0.4444444444444445,0.7283333333333334,0.6105555555555556,0.4629629629629631
14,50,0.46666666666666656,1.0,1.0,1.0,1.0
15,50,0.3666666666666667,0.5277777777777778,0.7861111111111111,0.7011111111111111,0.5277777777777778
16,50,0.4666666666666667,0.6944444444444443,0.8216666666666668,0.758888888888889,0.6944444444444443
17,50,0.30000000000000004,0.6666666666666666,0.8488888888888888,0.7949999999999999,0.6666666666666666
18,50,0.5,0.6111111111111112,0.7861111111111111,0.645,0.6111111111111112
19,50,0.55,0.7222222222222222,0.8355555555555556,0.7683333333333332,0.7222222222222222
20,50,0.4833333333333334,0.638888888888889,0.7683333333333332,0.6988888888888889,0.638888888888889
21,50,0.5166666666666667,0.6666666666666666,0.8716666666666667,0.798888888888889,0.6666666666666666
22,50,0.6,0.6388888888888888,0.8188888888888889,0.7388888888888889,0.6388888888888888
23,50,0.4666666666666667,0.888888888888889,0.9383333333333334,0.8977777777777778,0.888888888888889
24,50,0.6333333333333333,0.8055555555555557,0.8961111111111112,0.8438888888888889,0.8148148148148149
25,50,0.8,0.5277777777777778,0.8711904761904762,0.834563492063492,0.6759259259259259
26,50,0.5666666666666667,0.6111111111111112,0.7972222222222222,0.6844444444444445,0.6111111111111112
27,50,0.4666666666666667,0.8333333333333334,0.9222222222222222,0.8822222222222221,0.8333333333333334
28,50,0.30000000000000004,0.5277777777777778,0.685,0.5750000000000001,0.5277777777777778
29,50,0.30000000000000004,0.5,0.7972222222222222,0.6738888888888889,0.5
30,50,0.75,0.9166666666666666,0.9722222222222222,0.9466666666666667,0.9166666666666666
31,50,0.16666666666666663,0.6666666666666666,0.831111111111111,0.73,0.6851851851851852
32,50,0.4833333333333334,0.6666666666666666,0.8122222222222222,0.73,0.6666666666666666
33,50,0.5666666666666667,0.5,0.7644444444444445,0.6611111111111111,0.5185185185185186
34,50,0.09999999999999998,0.3333333333333333,0.6608680555555556,0.5634027777777778,0.4259259259259259
35,50,0.55,0.8611111111111112,0.9644444444444445,0.9277777777777779,0.8611111111111112
36,50,0.5166666666666667,0.8333333333333334,0.9016666666666667,0.8688888888888888,0.8333333333333334
37,50,0.4666666666666667,0.861111111111111,0.98,0.9605555555555556,0.8796296296296298
38,50,0.6,0.8333333333333334,0.8922222222222222,0.855,0.8333333333333334
39,50,0.5666666666666667,0.5555555555555556,0.7311111111111112,0.6461111111111112,0.5555555555555556
0,80,0.3666666666666667,0.4722222222222223,0.7489583333333334,0.6194444444444445,0.5092592592592594
1,80,0.4666666666666667,0.6666666666666666,0.8173611111111111,0.7503472222222222,0.6666666666666666
2,80,0.4833333333333334,0.638888888888889,0.7649305555555556,0.6677083333333332,0.638888888888889
3,80,0.30000000000000004,0.5,0.6840277777777777,0.5416666666666666,0.5
4,80,0.21666666666666667,0.11111111111111112,0.754558745348219,0.6450009968102073,0.29629629629629634
5,80,0.30000000000000004,0.3055555555555555,0.7788194444444446,0.6902777777777778,0.4444444444444444
6,80,0.4666666666666667,0.6944444444444443,0.8371527777777779,0.7388888888888889,0.6944444444444443
7,80,0.3666666666666667,0.3888888888888889,0.7864583333333334,0.6704861111111112,0.3888888888888889
8,80,0.6,0.75,0.8670138888888889,0.7715277777777777,0.75
9,80,0.16666666666666663,0.5555555555555555,0.8312499999999999,0.7201388888888888,0.5555555555555555
10,80,0.21666666666666667,0.7222222222222223,0.80625,0.7430555555555557,0.7222222222222223
11,80,0.09999999999999998,0.3333333333333333,0.8253472222222222,0.7404040404040405,0.4444444444444445
12,80,0.6666666666666666,0.6111111111111112,0.8086805555555555,0.7052083333333332,0.6111111111111112
13,80,0.30000000000000004,0.3333333333333333,0.6887400793650794,0.5528769841269842,0.40740740740740744
14,80,0.46666666666666656,0.888888888888889,0.9920138888888889,0.9819444444444444,0.9259259259259259
15,80,0.3666666666666667,0.5,0.7465277777777778,0.6288194444444445,0.5
16,80,0.4666666666666667,0.6944444444444443,0.8069444444444445,0.7347222222222222,0.6944444444444443
17,80,0.30000000000000004,0.4722222222222223,0.8024305555555555,0.7250000000000001,0.5185185185185186
18,80,0.5,0.6111111111111112,0.7920138888888889,0.6322916666666667,0.6111111111111112
19,80,0.55,0.7222222222222222,0.8260416666666668,0.7510416666666667,0.7222222222222222
20,80,0.4833333333333334,0.611111111111111,0.7413194444444443,0.6694444444444444,0.611111111111111
21,80,0.5166666666666667,0.6666666666666666,0.8493055555555555,0.7493055555555556,0.6666666666666666
22,80,0.6,0.6388888888888888,0.7833333333333332,0.701388888888889,0.6388888888888888
23,80,0.4666666666666667,0.75,0.8993055555555555,0.8486111111111111,0.75
24,80,0.6333333333333333,0.8055555555555557,0.8934027777777778,0.829513888888889,0.8055555555555557
25,80,0.8,0.5,0.8623015873015873,0.8181051587301588,0.6481481481481483
26,80,0.5666666666666667,0.6111111111111112,0.7767361111111111,0.6569444444444444,0.6111111111111112
27,80,0.4666666666666667,0.8333333333333334,0.9100694444444445,0.8638888888888889,0.8333333333333334
28,80,0.30000000000000004,0.5277777777777778,0.6826388888888889,0.5572916666666666,0.5277777777777778
29,80,0.30000000000000004,0.5,0.74375,0.6086805555555556,0.5
30,80,0.75,0.9166666666666666,0.9704861111111112,0.9354166666666667,0.9166666666666666
31,80,0.16666666666666663,0.5833333333333334,0.8118055555555556,0.6899305555555556,0.5833333333333334
32,80,0.4833333333333334,0.638888888888889,0.7944444444444444,0.6961805555555557,0.638888888888889
33,80,0.5666666666666667,0.5,0.734375,0.6006944444444444,0.5
34,80,0.09999999999999998,0.16666666666666666,0.6454360875706214,0.5336570150659133,0.3333333333333333
35,80,0.55,0.8611111111111112,0.9538194444444444,0.9027777777777777,0.8611111111111112
36,80,0.5166666666666667,0.8055555555555555,0.8930555555555556,0.8548611111111111,0.8148148148148148
37,80,0.4666666666666667,0.7777777777777778,0.9534722222222222,0.9093750000000002,0.7777777777777778
38,80,0.6,0.8333333333333334,0.8864583333333332,0.8468749999999999,0.8333333333333334
39,80,0.5666666666666667,0.47222222222222215,0.6982638888888889,0.5878472222222223,0.47222222222222215
