level_id,tier,difficulty,mean_reward,solved_frac,grid_height,grid_width,grid_area,num_free_cells,num_wall_cells,wall_fraction,num_edges,mean_degree,min_degree,max_degree,num_deadends,num_corridor_cells,num_branch_cells,num_components,largest_component_frac,graph_diameter,mean_pair_distance,player_reachable_frac,player_eccentricity,num_bridges,num_articulation_points,num_boxes,num_targets,boxes_on_target_init,box_target_dist_sum,box_target_dist_mean,box_target_dist_max,box_target_matching_lb,num_dead_cells,boxes_in_corner_init,player_to_nearest_box,laplacian_eig_0,laplacian_eig_1,laplacian_eig_2,laplacian_eig_3,laplacian_eig_4,laplacian_eig_5
unfiltered/316/206,unfiltered,0.2666666666666666,0.7333333333333334,0.0,10.0,10.0,100.0,35.0,65.0,0.65,44.0,2.5142857142857142,1.0,4.0,5.0,9.0,21.0,1.0,1.0,17.0,6.1355102040816325,1.0,17.0,12.0,11.0,4.0,4.0,0.0,7.0,1.75,2.0,16.0,9.0,0.0,1.0,-2.6220781903657835e-16,0.012824361605151578,0.038810479741359975,0.06726515365908307,0.1266491035420358,0.1768672215449881
unfiltered/316/340,unfiltered,0.27,0.73,0.0,10.0,10.0,100.0,41.0,59.0,0.59,55.0,2.682926829268293,1.0,4.0,1.0,17.0,23.0,1.0,1.0,14.0,5.848899464604402,1.0,12.0,1.0,1.0,4.0,4.0,0.0,7.0,1.75,3.0,10.0,10.0,0.0,2.0,-1.3632994564936367e-15,0.02164217479642798,0.0332038648811929,0.07155389458465654,0.12216838354889376,0.19895755605733562
unfiltered/316/335,unfiltered,0.0,1.0,1.0,10.0,10.0,100.0,20.0,80.0,0.8,29.0,2.9,1.0,4.0,2.0,3.0,15.0,1.0,1.0,8.0,3.075,1.0,7.0,2.0,2.0,4.0,4.0,0.0,5.0,1.25,2.0,7.0,5.0,0.0,1.0,2.4731781269844826e-16,0.08685086046928056,0.29585121821853855,0.3432898018666425,0.4181243661969123,0.5847250145712424
unfiltered/316/16,unfiltered,0.0,1.0,1.0,10.0,10.0,100.0,36.0,64.0,0.64,54.0,3.0,1.0,4.0,3.0,7.0,26.0,1.0,1.0,12.0,4.4830246913580245,1.0,7.0,3.0,2.0,4.0,4.0,0.0,11.0,2.75,4.0,17.0,10.0,0.0,2.0,-1.79813576781965e-15,0.03740408967835331,0.0812884942515091,0.1668631862715145,0.24153556353654712,0.2878558343750718
unfiltered/316/505,unfiltered,0.0,1.0,1.0,10.0,10.0,100.0,23.0,77.0,0.77,33.0,2.869565217391304,1.0,4.0,1.0,6.0,16.0,1.0,1.0,10.0,3.68241965973535,1.0,10.0,1.0,1.0,4.0,4.0,0.0,7.0,1.75,3.0,12.0,5.0,0.0,1.0,3.3143462699580946e-16,0.04221877406070941,0.20043572623894998,0.35114011227964786,0.3600343751995962,0.40825619560011456
unfiltered/316/886,unfiltered,0.0,1.0,1.0,10.0,10.0,100.0,34.0,66.0,0.66,46.0,2.7058823529411766,1.0,4.0,4.0,7.0,23.0,1.0,1.0,15.0,5.418685121107266,1.0,11.0,6.0,6.0,4.0,4.0,0.0,5.0,1.25,2.0,8.0,8.0,0.0,1.0,-1.5507998299346822e-15,0.01269772781709154,0.10381434704844025,0.13392222760239988,0.20680861531201067,0.28677806294112523
unfiltered/316/83,unfiltered,0.0,1.0,1.0,10.0,10.0,100.0,33.0,67.0,0.67,45.0,2.727272727272727,1.0,4.0,3.0,7.0,23.0,1.0,1.0,12.0,4.7529843893480255,1.0,12.0,3.0,3.0,4.0,4.0,0.0,10.0,2.5,4.0,16.0,7.0,0.0,1.0,-1.6153200441562507e-16,0.021905949461127817,0.08619207270356441,0.1453592622950631,0.225807448422116,0.2454847951223321
unfiltered/316/440,unfiltered,0.0,1.0,1.0,10.0,10.0,100.0,39.0,61.0,0.61,56.0,2.871794871794872,2.0,4.0,0.0,12.0,27.0,1.0,1.0,16.0,5.927679158448389,1.0,15.0,1.0,3.0,4.0,4.0,0.0,9.0,2.25,4.0,9.0,11.0,0.0,1.0,5.540021386456982e-17,0.011390245315734536,0.06025270032143842,0.08302176248961006,0.13375232725528394,0.2139869589252273
unfiltered/316/674,unfiltered,0.0,1.0,1.0,10.0,10.0,100.0,27.0,73.0,0.73,39.0,2.888888888888889,1.0,4.0,2.0,5.0,20.0,1.0,1.0,13.0,4.203017832647462,1.0,10.0,2.0,2.0,4.0,4.0,0.0,7.0,1.75,3.0,8.0,6.0,0.0,3.0,-2.869359684457489e-16,0.04113489459167661,0.1042657242952194,0.2538040638799499,0.2944115486680881,0.4419301160016582
unfiltered/316/720,unfiltered,0.0,1.0,1.0,10.0,10.0,100.0,23.0,77.0,0.77,34.0,2.9565217391304346,1.0,4.0,1.0,5.0,17.0,1.0,1.0,10.0,3.4177693761814747,1.0,10.0,3.0,3.0,4.0,4.0,0.0,9.0,2.25,3.0,10.0,4.0,0.0,1.0,-1.6325563094789276e-16,0.07792942561883474,0.15828406716767957,0.22917833217328273,0.403132302965706,0.4660061970158994
unfiltered/316/449,unfiltered,0.0,1.0,1.0,10.0,10.0,100.0,33.0,67.0,0.67,50.0,3.0303030303030303,1.0,4.0,3.0,4.0,26.0,1.0,1.0,12.0,4.168962350780532,1.0,9.0,5.0,5.0,4.0,4.0,0.0,5.0,1.25,2.0,6.0,6.0,0.0,4.0,3.434509314713308e-16,0.05004721337381447,0.10693405718777245,0.19466756693800824,0.23313516140346496,0.2768045385333632
unfiltered/316/811,unfiltered,0.0,1.0,1.0,10.0,10.0,100.0,30.0,70.0,0.7,42.0,2.8,1.0,4.0,2.0,8.0,20.0,1.0,1.0,15.0,4.935555555555555,1.0,12.0,5.0,5.0,4.0,4.0,0.0,5.0,1.25,2.0,8.0,7.0,0.0,3.0,-2.40526305695632e-16,0.02627147292785485,0.06686468268066713,0.1842612733728382,0.2883544509002647,0.33027057290887574
unfiltered/316/183,unfiltered,0.0,1.0,1.0,10.0,10.0,100.0,33.0,67.0,0.67,50.0,3.0303030303030303,1.0,4.0,1.0,7.0,25.0,1.0,1.0,14.0,4.657483930211203,1.0,11.0,1.0,1.0,4.0,4.0,0.0,8.0,2.0,3.0,10.0,6.0,0.0,2.0,-2.1747624456349688e-16,0.0293783167904283,0.1120645123154704,0.18302860083611702,0.2547530110778369,0.3467343367545555
unfiltered/316/853,unfiltered,0.06333333333333335,0.9366666666666666,0.6666666666666666,10.0,10.0,100.0,40.0,60.0,0.6,61.0,3.05,1.0,4.0,2.0,5.0,33.0,1.0,1.0,12.0,4.90125,1.0,7.0,2.0,2.0,4.0,4.0,0.0,10.0,2.5,4.0,10.0,6.0,0.0,1.0,-1.0200035015404653e-15,0.02712830112833246,0.05443340103435558,0.11764406124117782,0.1996624591458442,0.28405073041861745
unfiltered/316/897,unfiltered,0.0,1.0,1.0,10.0,10.0,100.0,31.0,69.0,0.69,44.0,2.838709677419355,1.0,4.0,1.0,9.0,21.0,1.0,1.0,13.0,4.595213319458897,1.0,13.0,4.0,4.0,4.0,4.0,0.0,17.0,4.25,6.0,20.0,7.0,0.0,1.0,3.218415041223712e-17,0.03034217089614024,0.057731848977113795,0.1419559229909917,0.218821120323756,0.31522044213453027
unfiltered/316/707,unfiltered,0.0,1.0,1.0,10.0,10.0,100.0,32.0,68.0,0.68,47.0,2.9375,1.0,4.0,4.0,6.0,22.0,1.0,1.0,10.0,4.013671875,1.0,8.0,5.0,5.0,4.0,4.0,0.0,6.0,1.5,2.0,9.0,9.0,0.0,1.0,-1.169840168922884e-16,0.04821685791761308,0.13988200890758973,0.17969648029489035,0.2702259962888486,0.3377393278749647
unfiltered/316/812,unfiltered,0.015530303030303116,0.9844696969696969,0.9166666666666666,10.0,10.0,100.0,38.0,62.0,0.62,56.0,2.9473684210526314,1.0,4.0,1.0,10.0,27.0,1.0,1.0,14.0,5.32409972299169,1.0,11.0,1.0,1.0,4.0,4.0,0.0,9.0,2.25,4.0,11.0,10.0,0.0,1.0,-7.430581583099263e-16,0.01589233725100595,0.06856938382820803,0.10711869248900162,0.2184884671135295,0.29548536930089664
unfiltered/316/832,unfiltered,0.2300000000000001,0.7699999999999999,0.0,10.0,10.0,100.0,28.0,72.0,0.72,40.0,2.857142857142857,1.0,4.0,1.0,9.0,18.0,1.0,1.0,11.0,4.341836734693878,1.0,8.0,3.0,4.0,4.0,4.0,0.0,11.0,2.75,5.0,15.0,8.0,0.0,2.0,-9.00598900951704e-17,0.019716480616967368,0.14869182124585512,0.207192314472308,0.2806931130509137,0.38420775070907165
unfiltered/316/684,unfiltered,0.0,1.0,1.0,10.0,10.0,100.0,31.0,69.0,0.69,40.0,2.5806451612903225,1.0,4.0,2.0,12.0,17.0,1.0,1.0,19.0,6.484911550468262,1.0,11.0,9.0,9.0,4.0,4.0,0.0,6.0,1.5,2.0,7.0,8.0,0.0,3.0,-3.248256668217209e-16,0.01171907556565342,0.0501691820138242,0.09107003200694636,0.2199910525400358,0.2685138225644132
unfiltered/316/94,unfiltered,0.0,1.0,1.0,10.0,10.0,100.0,33.0,67.0,0.67,46.0,2.787878787878788,1.0,4.0,3.0,7.0,23.0,1.0,1.0,12.0,4.437098255280073,1.0,12.0,3.0,3.0,4.0,4.0,0.0,5.0,1.25,2.0,5.0,9.0,0.0,4.0,-7.016413079717146e-16,0.03464717309469231,0.0876440789185088,0.13842023495367492,0.22867028332633488,0.30419314452423196
unfiltered/316/610,unfiltered,0.0,1.0,1.0,10.0,10.0,100.0,36.0,64.0,0.64,56.0,3.111111111111111,1.0,4.0,2.0,5.0,29.0,1.0,1.0,11.0,4.191358024691358,1.0,11.0,2.0,2.0,4.0,4.0,0.0,10.0,2.5,4.0,14.0,5.0,0.0,1.0,9.356988413134704e-16,0.05323263472395514,0.08282701871185436,0.18604275917316432,0.19518389339123868,0.3168647935175594
unfiltered/316/818,unfiltered,0.0,1.0,1.0,10.0,10.0,100.0,31.0,69.0,0.69,45.0,2.903225806451613,2.0,4.0,0.0,9.0,22.0,1.0,1.0,15.0,5.365244536940687,1.0,9.0,2.0,3.0,4.0,4.0,0.0,7.0,1.75,3.0,8.0,6.0,0.0,2.0,-6.677784752847115e-16,0.012877659828529911,0.11475242488095304,0.1522969061804012,0.25039094734753875,0.3748876436881352
unfiltered/316/456,unfiltered,0.0,1.0,1.0,10.0,10.0,100.0,36.0,64.0,0.64,49.0,2.7222222222222223,1.0,4.0,1.0,14.0,21.0,1.0,1.0,12.0,5.044753086419753,1.0,12.0,1.0,3.0,4.0,4.0,0.0,7.0,1.75,3.0,11.0,12.0,0.0,2.0,-7.926059711596934e-16,0.021442142929976992,0.03531677951872544,0.1279230178092115,0.16855504793253331,0.25213941232989867
unfiltered/316/699,unfiltered,0.0,1.0,1.0,10.0,10.0,100.0,25.0,75.0,0.75,36.0,2.88,1.0,4.0,2.0,6.0,17.0,1.0,1.0,9.0,3.5136,1.0,8.0,2.0,2.0,4.0,4.0,0.0,6.0,1.5,2.0,9.0,7.0,0.0,1.0,-8.0634552959413e-16,0.07396871053978885,0.11782204816511048,0.26388736482831593,0.3159960241283312,0.4513584887469702
unfiltered/316/353,unfiltered,0.0,1.0,1.0,10.0,10.0,100.0,29.0,71.0,0.71,42.0,2.896551724137931,1.0,4.0,2.0,7.0,20.0,1.0,1.0,12.0,4.104637336504162,1.0,11.0,2.0,2.0,4.0,4.0,0.0,9.0,2.25,4.0,11.0,7.0,0.0,1.0,2.645992059836697e-16,0.03824248857219775,0.1104777291267275,0.21128241128360778,0.2638645870080427,0.418758145648511
unfiltered/316/154,unfiltered,0.0,1.0,1.0,10.0,10.0,100.0,32.0,68.0,0.68,49.0,3.0625,1.0,4.0,1.0,6.0,25.0,1.0,1.0,11.0,4.265625,1.0,6.0,1.0,1.0,4.0,4.0,0.0,6.0,1.5,3.0,6.0,6.0,0.0,1.0,5.657542364215694e-17,0.034582732161188505,0.12134108276134035,0.20904031155870526,0.23953724655289588,0.4057629587017032
unfiltered/316/490,unfiltered,0.019166666666666665,0.9808333333333333,0.9166666666666666,10.0,10.0,100.0,35.0,65.0,0.65,48.0,2.742857142857143,1.0,4.0,2.0,8.0,25.0,1.0,1.0,17.0,6.331428571428572,1.0,15.0,4.0,5.0,4.0,4.0,0.0,11.0,2.75,4.0,15.0,8.0,0.0,1.0,-7.132231086425909e-16,0.010049022661645915,0.04810652431398402,0.12000283941708587,0.1592534401316047,0.27973345959847956
unfiltered/316/513,unfiltered,0.21898148148148155,0.7810185185185184,0.08333333333333333,10.0,10.0,100.0,27.0,73.0,0.73,36.0,2.6666666666666665,1.0,4.0,2.0,8.0,17.0,1.0,1.0,12.0,4.658436213991769,1.0,9.0,4.0,5.0,4.0,4.0,0.0,5.0,1.25,2.0,9.0,8.0,0.0,2.0,4.403887835731875e-16,0.02233133979305289,0.06495731436592045,0.162680713458727,0.2816807251787278,0.4672218654024348
unfiltered/316/130,unfiltered,0.0,1.0,1.0,10.0,10.0,100.0,33.0,67.0,0.67,47.0,2.8484848484848486,1.0,4.0,3.0,7.0,23.0,1.0,1.0,14.0,4.962350780532598,1.0,12.0,7.0,6.0,4.0,4.0,0.0,9.0,2.25,3.0,10.0,5.0,0.0,1.0,4.9073761280600447e-17,0.021561884783954842,0.07800903703401302,0.15279643009127092,0.21477846459266337,0.32479101154426315
unfiltered/316/133,unfiltered,0.0,1.0,1.0,10.0,10.0,100.0,21.0,79.0,0.79,28.0,2.6666666666666665,1.0,4.0,1.0,8.0,12.0,1.0,1.0,11.0,3.8639455782312924,1.0,11.0,3.0,3.0,4.0,4.0,0.0,7.0,1.75,2.0,7.0,5.0,0.0,1.0,-1.8785839960122995e-16,0.04307286968358299,0.12548966086180816,0.23906511023845675,0.4411880689382051,0.5457974303135372
unfiltered/316/200,unfiltered,0.1430555555555556,0.8569444444444444,0.4166666666666667,10.0,10.0,100.0,23.0,77.0,0.77,34.0,2.9565217391304346,1.0,4.0,1.0,6.0,16.0,1.0,1.0,8.0,3.2665406427221173,1.0,6.0,1.0,1.0,4.0,4.0,0.0,5.0,1.25,2.0,6.0,7.0,0.0,2.0,5.078315275235526e-16,0.08020114398025786,0.15937840108841875,0.3207787933023897,0.40553219766746196,0.47674818785251755
unfiltered/316/101,unfiltered,0.0,1.0,1.0,10.0,10.0,100.0,27.0,73.0,0.73,34.0,2.5185185185185186,1.0,4.0,3.0,9.0,15.0,1.0,1.0,15.0,5.207133058984911,1.0,10.0,7.0,9.0,4.0,4.0,0.0,10.0,2.5,4.0,12.0,7.0,0.0,1.0,-4.766427276184504e-16,0.01610387426727728,0.08170154319253597,0.12269721925152835,0.2300772943442188,0.38427427164942746
unfiltered/316/290,unfiltered,0.0,1.0,1.0,10.0,10.0,100.0,26.0,74.0,0.74,36.0,2.769230769230769,1.0,4.0,5.0,4.0,17.0,1.0,1.0,9.0,3.594674556213018,1.0,9.0,6.0,6.0,4.0,4.0,0.0,5.0,1.25,2.0,8.0,6.0,0.0,1.0,-3.317165766899718e-16,0.083842793998281,0.12025766505128811,0.2717515601853912,0.29374393710728913,0.3640307523241147
unfiltered/316/882,unfiltered,0.0,1.0,1.0,10.0,10.0,100.0,30.0,70.0,0.7,48.0,3.2,2.0,4.0,0.0,6.0,24.0,1.0,1.0,10.0,3.6244444444444444,1.0,6.0,0.0,0.0,4.0,4.0,0.0,12.0,3.0,5.0,13.0,4.0,0.0,1.0,-1.446698079371956e-16,0.08035219452375138,0.12775805998223308,0.19788860664153793,0.35901874905013753,0.3920674873038591
unfiltered/316/519,unfiltered,0.0,1.0,1.0,10.0,10.0,100.0,33.0,67.0,0.67,49.0,2.9696969696969697,1.0,4.0,1.0,7.0,25.0,1.0,1.0,11.0,4.400367309458218,1.0,9.0,1.0,1.0,4.0,4.0,0.0,7.0,1.75,2.0,9.0,7.0,0.0,2.0,2.757372813800243e-16,0.027830199174974594,0.14356502000820806,0.18828204954883565,0.2293246693066374,0.3104972272578885
unfiltered/316/598,unfiltered,0.0,1.0,1.0,10.0,10.0,100.0,34.0,66.0,0.66,55.0,3.235294117647059,2.0,4.0,0.0,5.0,29.0,1.0,1.0,11.0,4.057093425605537,1.0,9.0,0.0,0.0,4.0,4.0,0.0,8.0,2.0,3.0,10.0,4.0,0.0,1.0,-4.931050724530361e-17,0.045211742112350205,0.1539587052854755,0.19417252206062421,0.23687721591578662,0.3655997387012931
unfiltered/316/972,unfiltered,0.1782407407407408,0.8217592592592592,0.08333333333333333,10.0,10.0,100.0,37.0,63.0,0.63,54.0,2.918918918918919,1.0,4.0,3.0,6.0,28.0,1.0,1.0,13.0,5.051862673484295,1.0,9.0,3.0,3.0,4.0,4.0,0.0,7.0,1.75,3.0,9.0,9.0,0.0,1.0,8.598527577514472e-17,0.01818971318615347,0.08503887550314715,0.14006892016771394,0.20878077462707845,0.3049103133052459
unfiltered/316/921,unfiltered,0.0,1.0,1.0,10.0,10.0,100.0,22.0,78.0,0.78,27.0,2.4545454545454546,1.0,4.0,4.0,6.0,12.0,1.0,1.0,10.0,4.070247933884297,1.0,10.0,7.0,7.0,4.0,4.0,0.0,7.0,1.75,3.0,9.0,6.0,0.0,1.0,2.0490547106436112e-17,0.042616077448158804,0.0859556439390507,0.184661643277039,0.34012165152450974,0.48881718433948473
unfiltered/316/605,unfiltered,0.12222222222222223,0.8777777777777778,0.3333333333333333,10.0,10.0,100.0,37.0,63.0,0.63,56.0,3.027027027027027,2.0,4.0,0.0,9.0,28.0,1.0,1.0,13.0,4.996347699050402,1.0,12.0,0.0,0.0,4.0,4.0,0.0,12.0,3.0,4.0,12.0,8.0,0.0,2.0,-2.953979678079161e-16,0.017938709210281185,0.09381831758686636,0.12016380151699811,0.196827049738759,0.3370390968585819
unfiltered/316/719,unfiltered,0.19999999999999984,0.8000000000000002,0.0,10.0,10.0,100.0,26.0,74.0,0.74,37.0,2.8461538461538463,1.0,4.0,1.0,7.0,18.0,1.0,1.0,11.0,4.0325443786982245,1.0,7.0,2.0,2.0,4.0,4.0,0.0,6.0,1.5,2.0,8.0,6.0,0.0,1.0,2.67188192032591e-16,0.03445156445769357,0.1395551726590566,0.19196740474091553,0.3185648954401608,0.39475859786598944
unfiltered/316/697,unfiltered,0.0,1.0,1.0,10.0,10.0,100.0,25.0,75.0,0.75,34.0,2.72,1.0,4.0,3.0,4.0,18.0,1.0,1.0,11.0,4.2688,1.0,11.0,3.0,3.0,4.0,4.0,0.0,8.0,2.0,3.0,12.0,5.0,0.0,1.0,-2.497021495579144e-16,0.028716358032584766,0.11260353363604261,0.23420539226108802,0.38656896103879296,0.46644356419385313
unfiltered/316/587,unfiltered,0.0,1.0,1.0,10.0,10.0,100.0,33.0,67.0,0.67,43.0,2.606060606060606,1.0,4.0,1.0,13.0,19.0,1.0,1.0,20.0,7.195592286501378,1.0,19.0,8.0,8.0,4.0,4.0,0.0,7.0,1.75,4.0,7.0,9.0,0.0,1.0,7.250935882751623e-16,0.006909712450048553,0.042926230200730116,0.08740548680830959,0.18983986457594065,0.25160877680190497
unfiltered/316/715,unfiltered,0.014583333333333393,0.9854166666666666,0.9166666666666666,10.0,10.0,100.0,39.0,61.0,0.61,59.0,3.0256410256410255,2.0,4.0,0.0,9.0,30.0,1.0,1.0,14.0,4.994082840236686,1.0,10.0,0.0,0.0,4.0,4.0,0.0,11.0,2.75,5.0,16.0,6.0,0.0,1.0,8.602023006942947e-16,0.022090816582264722,0.07018949018901476,0.14816817317594022,0.18925901024448868,0.27747268699606836
unfiltered/316/931,unfiltered,0.0,1.0,1.0,10.0,10.0,100.0,45.0,55.0,0.55,67.0,2.977777777777778,1.0,4.0,3.0,7.0,35.0,1.0,1.0,14.0,4.924444444444444,1.0,8.0,3.0,3.0,4.0,4.0,0.0,7.0,1.75,3.0,7.0,8.0,0.0,1.0,2.230035758348269e-16,0.030982914545870308,0.08503829350929917,0.09629118513483712,0.1370712626011431,0.21773368946704727
unfiltered/316/629,unfiltered,0.015064102564102622,0.9849358974358974,0.9166666666666666,10.0,10.0,100.0,31.0,69.0,0.69,41.0,2.6451612903225805,1.0,4.0,4.0,8.0,19.0,1.0,1.0,13.0,5.015608740894901,1.0,11.0,8.0,7.0,4.0,4.0,0.0,10.0,2.5,4.0,13.0,8.0,0.0,2.0,-2.3068375558895433e-16,0.018373969558276027,0.06441671446337162,0.14383349814392526,0.21078378680958995,0.2753163526165279
unfiltered/316/18,unfiltered,0.0,1.0,1.0,10.0,10.0,100.0,38.0,62.0,0.62,54.0,2.8421052631578947,1.0,4.0,2.0,11.0,25.0,1.0,1.0,12.0,4.813019390581718,1.0,10.0,2.0,2.0,4.0,4.0,0.0,6.0,1.5,2.0,12.0,7.0,0.0,2.0,-7.605668595471494e-17,0.028469223484841818,0.0494405238426636,0.11593262143466876,0.23464899435662565,0.28129572980369416
unfiltered/316/61,unfiltered,0.3070512820512822,0.6929487179487178,0.08333333333333333,10.0,10.0,100.0,28.0,72.0,0.72,38.0,2.7142857142857144,1.0,4.0,2.0,9.0,17.0,1.0,1.0,10.0,4.058673469387755,1.0,7.0,2.0,2.0,4.0,4.0,0.0,6.0,1.5,2.0,13.0,8.0,0.0,1.0,3.8611537073282313e-16,0.056796953858671166,0.08289895120532707,0.17661250438448492,0.2677861331120479,0.32996989194072784
unfiltered/316/675,unfiltered,0.16011904761904772,0.8398809523809523,0.25,10.0,10.0,100.0,22.0,78.0,0.78,31.0,2.8181818181818183,2.0,4.0,0.0,5.0,17.0,1.0,1.0,11.0,3.987603305785124,1.0,11.0,0.0,0.0,4.0,4.0,0.0,5.0,1.25,2.0,7.0,5.0,0.0,1.0,2.8426892089166647e-16,0.033355605651639454,0.1269754047197489,0.25045452642878396,0.45653519622919175,0.5798680001359426
unfiltered/316/298,unfiltered,0.0,1.0,1.0,10.0,10.0,100.0,22.0,78.0,0.78,30.0,2.727272727272727,1.0,4.0,3.0,6.0,13.0,1.0,1.0,9.0,3.4421487603305785,1.0,7.0,5.0,5.0,4.0,4.0,0.0,8.0,2.0,2.0,10.0,6.0,0.0,1.0,6.159222854748884e-17,0.07733562250551135,0.1193638141921953,0.2930652333055655,0.4178146184898128,0.4857727757869442
unfiltered/316/842,unfiltered,0.0,1.0,1.0,10.0,10.0,100.0,28.0,72.0,0.72,43.0,3.0714285714285716,2.0,4.0,0.0,8.0,20.0,1.0,1.0,10.0,3.7244897959183674,1.0,8.0,0.0,0.0,4.0,4.0,0.0,6.0,1.5,2.0,13.0,7.0,0.0,3.0,-6.94566437361613e-16,0.04845177698558395,0.18046789483518835,0.22513004342676302,0.2927955462110208,0.42805818313783195
unfiltered/316/393,unfiltered,0.0,1.0,1.0,10.0,10.0,100.0,28.0,72.0,0.72,43.0,3.0714285714285716,1.0,4.0,1.0,5.0,22.0,1.0,1.0,10.0,3.75,1.0,6.0,1.0,1.0,4.0,4.0,0.0,5.0,1.25,2.0,5.0,5.0,0.0,1.0,5.490597383297743e-16,0.050363334676888305,0.20433743380858377,0.224075503000674,0.3016280214193639,0.39386881543833224
unfiltered/316/103,unfiltered,0.21666666666666667,0.7833333333333333,0.0,10.0,10.0,100.0,34.0,66.0,0.66,50.0,2.9411764705882355,1.0,4.0,1.0,8.0,25.0,1.0,1.0,12.0,4.788927335640138,1.0,12.0,1.0,1.0,4.0,4.0,0.0,6.0,1.5,3.0,6.0,9.0,0.0,1.0,3.255007887243989e-16,0.020144027130538242,0.0735961047644903,0.1847457905188881,0.2301225118407582,0.261347871200574
unfiltered/316/134,unfiltered,0.0,1.0,1.0,10.0,10.0,100.0,26.0,74.0,0.74,37.0,2.8461538461538463,1.0,4.0,1.0,6.0,19.0,1.0,1.0,12.0,4.35207100591716,1.0,10.0,2.0,2.0,4.0,4.0,0.0,8.0,2.0,3.0,11.0,6.0,0.0,2.0,-1.7913517764425053e-16,0.02840623930215753,0.12412951477924958,0.22554659748823727,0.3458023912949612,0.4018791275162968
unfiltered/316/682,unfiltered,0.0,1.0,1.0,10.0,10.0,100.0,42.0,58.0,0.58,61.0,2.9047619047619047,1.0,4.0,1.0,11.0,30.0,1.0,1.0,17.0,6.043083900226757,1.0,11.0,3.0,4.0,4.0,4.0,0.0,8.0,2.0,4.0,16.0,10.0,0.0,2.0,-8.489336663574102e-16,0.013245036693867762,0.0379188317787757,0.08296147390296883,0.153778324354712,0.21300467842266974
unfiltered/316/810,unfiltered,0.09107142857142858,0.9089285714285714,0.5833333333333334,10.0,10.0,100.0,26.0,74.0,0.74,38.0,2.923076923076923,1.0,4.0,1.0,6.0,19.0,1.0,1.0,9.0,3.769230769230769,1.0,8.0,1.0,1.0,4.0,4.0,0.0,10.0,2.5,3.0,14.0,7.0,0.0,1.0,-3.834310648258269e-16,0.04559493465796486,0.10894752742980283,0.24387851468255498,0.40272863416232213,0.44595558208261377
unfiltered/316/391,unfiltered,0.05784313725490209,0.9421568627450979,0.6666666666666666,10.0,10.0,100.0,39.0,61.0,0.61,54.0,2.769230769230769,1.0,4.0,3.0,9.0,27.0,1.0,1.0,14.0,5.404339250493097,1.0,14.0,4.0,5.0,4.0,4.0,0.0,9.0,2.25,4.0,17.0,8.0,0.0,6.0,-6.959372304443431e-17,0.019793821383889267,0.044572939994837656,0.10530665819398495,0.16085059982869077,0.17202235502715135
unfiltered/316/337,unfiltered,0.0,1.0,1.0,10.0,10.0,100.0,32.0,68.0,0.68,51.0,3.1875,2.0,4.0,0.0,8.0,24.0,1.0,1.0,9.0,3.80859375,1.0,9.0,0.0,0.0,4.0,4.0,0.0,6.0,1.5,2.0,6.0,6.0,0.0,4.0,-1.3072379756140157e-15,0.056240110846774834,0.14397586119640104,0.22199505095392338,0.2654107078903714,0.41564756980828227
unfiltered/316/424,unfiltered,0.16249999999999998,0.8375,0.5833333333333334,10.0,10.0,100.0,35.0,65.0,0.65,50.0,2.857142857142857,1.0,4.0,1.0,8.0,26.0,1.0,1.0,18.0,6.302040816326531,1.0,11.0,3.0,4.0,4.0,4.0,0.0,7.0,1.75,3.0,11.0,6.0,0.0,5.0,-4.140176556248347e-16,0.009238575783639047,0.06639096069592772,0.13816286141947715,0.22560748590202886,0.25484779039245065
unfiltered/316/77,unfiltered,0.044047619047619,0.955952380952381,0.8333333333333334,10.0,10.0,100.0,29.0,71.0,0.71,42.0,2.896551724137931,1.0,4.0,2.0,6.0,21.0,1.0,1.0,13.0,4.3234244946492275,1.0,8.0,5.0,5.0,4.0,4.0,0.0,9.0,2.25,3.0,14.0,5.0,0.0,1.0,3.3520118323336635e-16,0.03682700821097919,0.08298238467304761,0.20762899839908688,0.31682768455479027,0.38087585317234507
unfiltered/316/345,unfiltered,0.0,1.0,1.0,10.0,10.0,100.0,27.0,73.0,0.73,41.0,3.037037037037037,1.0,4.0,1.0,7.0,19.0,1.0,1.0,9.0,3.5829903978052124,1.0,8.0,1.0,1.0,4.0,4.0,0.0,9.0,2.25,4.0,11.0,7.0,0.0,1.0,-1.1447089891168644e-16,0.058137297833013774,0.16354122794425938,0.24600913383499975,0.3890835093028935,0.4487873734817456
unfiltered/316/307,unfiltered,0.0,1.0,1.0,10.0,10.0,100.0,33.0,67.0,0.67,53.0,3.212121212121212,2.0,4.0,0.0,6.0,27.0,1.0,1.0,11.0,3.9963269054178143,1.0,10.0,0.0,0.0,4.0,4.0,0.0,6.0,1.5,2.0,7.0,6.0,0.0,1.0,-3.754363881500121e-16,0.04413199770187563,0.17380785709256544,0.20478630765865008,0.2531854210286895,0.3536165224990636
unfiltered/316/447,unfiltered,0.18333333333333324,0.8166666666666668,0.08333333333333333,10.0,10.0,100.0,26.0,74.0,0.74,39.0,3.0,1.0,4.0,1.0,6.0,19.0,1.0,1.0,9.0,3.485207100591716,1.0,6.0,1.0,1.0,4.0,4.0,0.0,8.0,2.0,3.0,8.0,7.0,0.0,2.0,-2.1838866966637137e-16,0.07825657482158588,0.1342730484998847,0.19900793362598018,0.3455911297072172,0.48419804809013445
unfiltered/316/999,unfiltered,0.18999999999999984,0.8100000000000002,0.0,10.0,10.0,100.0,34.0,66.0,0.66,51.0,3.0,1.0,4.0,1.0,8.0,25.0,1.0,1.0,12.0,4.524221453287197,1.0,12.0,1.0,1.0,4.0,4.0,0.0,7.0,1.75,3.0,10.0,8.0,0.0,2.0,3.121271556894357e-16,0.030604279009504198,0.0828063463131602,0.16599778238906532,0.2516928830880206,0.3011160415397868
unfiltered/316/640,unfiltered,0.0,1.0,1.0,10.0,10.0,100.0,29.0,71.0,0.71,36.0,2.4827586206896552,1.0,4.0,2.0,14.0,13.0,1.0,1.0,18.0,6.8109393579072535,1.0,9.0,10.0,11.0,4.0,4.0,0.0,10.0,2.5,5.0,10.0,10.0,0.0,1.0,1.765747861745235e-16,0.008196670746007887,0.04104885482129271,0.1386804277813635,0.22197885889792893,0.3638521016420647
unfiltered/316/4,unfiltered,0.2300000000000001,0.7699999999999999,0.0,10.0,10.0,100.0,33.0,67.0,0.67,52.0,3.1515151515151514,1.0,4.0,1.0,5.0,27.0,1.0,1.0,10.0,3.915518824609734,1.0,6.0,1.0,1.0,4.0,4.0,0.0,9.0,2.25,3.0,15.0,5.0,0.0,3.0,-8.33948649972161e-16,0.06382636634727706,0.0834334792707466,0.24526660630312072,0.25520398880040285,0.3357504113437692
unfiltered/316/318,unfiltered,0.0,1.0,1.0,10.0,10.0,100.0,36.0,64.0,0.64,50.0,2.7777777777777777,1.0,4.0,3.0,6.0,27.0,1.0,1.0,14.0,5.382716049382716,1.0,10.0,3.0,4.0,4.0,4.0,0.0,10.0,2.5,4.0,13.0,8.0,0.0,3.0,-5.169553124677044e-16,0.01877401970386187,0.04038928890084527,0.1044701307908013,0.17019400407196458,0.26655804868870714
unfiltered/316/68,unfiltered,0.08333333333333315,0.9166666666666669,0.5833333333333334,10.0,10.0,100.0,27.0,73.0,0.73,39.0,2.888888888888889,1.0,4.0,1.0,8.0,18.0,1.0,1.0,11.0,4.0109739368998625,1.0,10.0,1.0,2.0,4.0,4.0,0.0,6.0,1.5,3.0,8.0,9.0,0.0,1.0,-2.4669529166173777e-17,0.04538959048268858,0.10674717063629122,0.1805237274743496,0.34859972640047027,0.40530145634972664
unfiltered/316/998,unfiltered,0.0,1.0,1.0,10.0,10.0,100.0,32.0,68.0,0.68,49.0,3.0625,1.0,4.0,1.0,5.0,26.0,1.0,1.0,11.0,3.96484375,1.0,8.0,1.0,1.0,4.0,4.0,0.0,9.0,2.25,3.0,10.0,5.0,0.0,1.0,2.032765131677659e-17,0.05122503693686554,0.1329004106532145,0.19584875286085152,0.24347471277996505,0.38600179940322477
unfiltered/316/462,unfiltered,0.0,1.0,1.0,10.0,10.0,100.0,35.0,65.0,0.65,53.0,3.0285714285714285,2.0,4.0,0.0,8.0,27.0,1.0,1.0,11.0,4.18938775510204,1.0,9.0,0.0,0.0,4.0,4.0,0.0,10.0,2.5,4.0,15.0,5.0,0.0,1.0,2.6647617073406164e-16,0.04974115017949859,0.08916567650098854,0.1670850276436248,0.23103861749167176,0.3154009993298379
unfiltered/316/632,unfiltered,0.0,1.0,1.0,10.0,10.0,100.0,34.0,66.0,0.66,50.0,2.9411764705882355,1.0,4.0,2.0,8.0,24.0,1.0,1.0,12.0,4.581314878892734,1.0,7.0,2.0,2.0,4.0,4.0,0.0,10.0,2.5,4.0,14.0,8.0,0.0,2.0,1.0525085857764859e-16,0.029265660406332772,0.07732979839568017,0.15341769723342377,0.24742637278268506,0.33681158590019034
medium/168/574,medium,0.24583333333333324,0.7541666666666668,0.0,10.0,10.0,100.0,37.0,63.0,0.63,50.0,2.7027027027027026,1.0,4.0,1.0,15.0,21.0,1.0,1.0,18.0,5.93718042366691,1.0,16.0,6.0,8.0,4.0,4.0,0.0,5.0,1.25,2.0,8.0,11.0,0.0,5.0,-1.3246241510703947e-16,0.011756539238166224,0.04641211391072127,0.08248172984995841,0.15891724741390456,0.25827032439012954
medium/168/88,medium,0.18636363636363618,0.8136363636363638,0.0,10.0,10.0,100.0,30.0,70.0,0.7,40.0,2.6666666666666665,1.0,4.0,1.0,14.0,15.0,1.0,1.0,12.0,4.7,1.0,8.0,3.0,4.0,4.0,4.0,0.0,8.0,2.0,3.0,11.0,10.0,0.0,1.0,-1.6259493699893455e-16,0.01725035042072303,0.11615855073158766,0.1378949661396497,0.21616883131388068,0.2957075832234256
medium/168/835,medium,0.21666666666666667,0.7833333333333333,0.0,10.0,10.0,100.0,19.0,81.0,0.81,27.0,2.8421052631578947,1.0,4.0,2.0,3.0,14.0,1.0,1.0,9.0,3.0249307479224377,1.0,9.0,3.0,3.0,4.0,4.0,0.0,5.0,1.25,2.0,6.0,4.0,0.0,1.0,-5.677938018975953e-16,0.12563825967661457,0.2182640400294289,0.256770580434859,0.4910559889314592,0.6159278577275842
medium/168/313,medium,0.19166666666666676,0.8083333333333332,0.0,10.0,10.0,100.0,30.0,70.0,0.7,41.0,2.7333333333333334,1.0,4.0,4.0,7.0,19.0,1.0,1.0,12.0,4.4222222222222225,1.0,11.0,8.0,6.0,4.0,4.0,0.0,9.0,2.25,4.0,12.0,7.0,0.0,1.0,5.886291814617555e-17,0.030506515635259985,0.07522265289430367,0.16774285491406452,0.26851083512353413,0.3531095608805768
medium/168/667,medium,0.1658333333333334,0.8341666666666666,0.25,10.0,10.0,100.0,31.0,69.0,0.69,41.0,2.6451612903225805,1.0,4.0,4.0,9.0,18.0,1.0,1.0,12.0,4.678459937565036,1.0,10.0,7.0,8.0,4.0,4.0,0.0,7.0,1.75,2.0,10.0,10.0,0.0,1.0,3.5811022890940944e-16,0.018825350560269374,0.0652375404175852,0.1299112983871641,0.21510325875766234,0.3187597703623376
medium/168/889,medium,0.2730769230769231,0.7269230769230769,0.0,10.0,10.0,100.0,37.0,63.0,0.63,51.0,2.7567567567567566,1.0,4.0,2.0,9.0,26.0,1.0,1.0,13.0,5.022644265887509,1.0,10.0,2.0,3.0,4.0,4.0,0.0,6.0,1.5,2.0,13.0,9.0,0.0,2.0,-8.126498588839681e-17,0.02800151572823495,0.046244892813966924,0.08622813558220517,0.20860033717846455,0.2339786983033555
medium/168/189,medium,0.3566666666666666,0.6433333333333334,0.0,10.0,10.0,100.0,27.0,73.0,0.73,35.0,2.5925925925925926,1.0,4.0,3.0,9.0,15.0,1.0,1.0,11.0,4.3895747599451305,1.0,11.0,6.0,6.0,4.0,4.0,0.0,5.0,1.25,2.0,5.0,9.0,0.0,1.0,-2.1178954567059322e-16,0.037973110206180466,0.04886288588432604,0.15273194196119866,0.3014464334656526,0.3701753175898794
medium/168/158,medium,0.0,1.0,1.0,10.0,10.0,100.0,20.0,80.0,0.8,28.0,2.8,2.0,4.0,0.0,6.0,14.0,1.0,1.0,9.0,3.52,1.0,9.0,0.0,0.0,4.0,4.0,0.0,8.0,2.0,3.0,10.0,5.0,0.0,1.0,-8.051477302533436e-17,0.04349734537123931,0.17903123041638624,0.2991688267363902,0.4558745159505942,0.7026603337369576
medium/168/986,medium,0.0,1.0,1.0,10.0,10.0,100.0,40.0,60.0,0.6,51.0,2.55,1.0,4.0,1.0,19.0,20.0,1.0,1.0,14.0,6.79625,1.0,14.0,1.0,1.0,4.0,4.0,0.0,10.0,2.5,6.0,10.0,12.0,0.0,1.0,-2.082183356334497e-16,0.01697943765186683,0.022085059241923805,0.06351301987610523,0.11921581352871294,0.18353448696510433
medium/168/128,medium,0.28194444444444444,0.7180555555555556,0.0,10.0,10.0,100.0,26.0,74.0,0.74,34.0,2.6153846153846154,1.0,4.0,1.0,9.0,16.0,1.0,1.0,13.0,4.547337278106509,1.0,12.0,1.0,1.0,4.0,4.0,0.0,10.0,2.5,3.0,12.0,6.0,0.0,1.0,5.363494340858919e-16,0.02854747188462944,0.0873608109109492,0.19701352505973432,0.2590143983336769,0.35259274268522944
medium/168/413,medium,0.0,1.0,1.0,10.0,10.0,100.0,32.0,68.0,0.68,39.0,2.4375,1.0,4.0,6.0,10.0,16.0,1.0,1.0,16.0,5.681640625,1.0,13.0,14.0,11.0,4.0,4.0,0.0,8.0,2.0,3.0,10.0,10.0,0.0,1.0,1.5922811194117327e-16,0.019583839378677866,0.03786482033510728,0.0876518134775109,0.14844044797478312,0.28766104005377635
medium/168/21,medium,0.0,1.0,1.0,10.0,10.0,100.0,34.0,66.0,0.66,46.0,2.7058823529411766,1.0,4.0,2.0,9.0,23.0,1.0,1.0,11.0,5.08477508650519,1.0,9.0,2.0,2.0,4.0,4.0,0.0,7.0,1.75,3.0,10.0,4.0,0.0,1.0,2.1114395106396052e-18,0.031073466806137096,0.043647448587218744,0.1289523836469738,0.18538922004232794,0.2785463152512229
medium/168/500,medium,0.31000000000000016,0.6899999999999998,0.0,10.0,10.0,100.0,23.0,77.0,0.77,32.0,2.782608695652174,1.0,4.0,2.0,4.0,17.0,1.0,1.0,12.0,3.992438563327032,1.0,10.0,2.0,2.0,4.0,4.0,0.0,4.0,1.0,1.0,5.0,6.0,0.0,1.0,-2.685747664505676e-16,0.04086663782408481,0.13141206909872605,0.2752654400788908,0.42744871795526657,0.4823789340127968
medium/168/992,medium,0.5098039215686274,0.4901960784313726,0.0,10.0,10.0,100.0,35.0,65.0,0.65,47.0,2.6857142857142855,1.0,4.0,3.0,8.0,24.0,1.0,1.0,13.0,4.96,1.0,10.0,3.0,3.0,4.0,4.0,0.0,10.0,2.5,4.0,17.0,8.0,0.0,5.0,-7.045595691145717e-16,0.03054157306067792,0.04576440268787517,0.08660564492651333,0.2054093098538254,0.2933833598280826
medium/168/480,medium,0.0,1.0,1.0,10.0,10.0,100.0,37.0,63.0,0.63,47.0,2.5405405405405403,1.0,4.0,3.0,14.0,20.0,1.0,1.0,19.0,7.620160701241782,1.0,14.0,12.0,12.0,4.0,4.0,0.0,5.0,1.25,2.0,6.0,10.0,0.0,1.0,-1.151420658423137e-15,0.005327517099060455,0.04366226798848666,0.08233003917682652,0.13100347096605755,0.18471401621097355
medium/168/521,medium,0.32777777777777783,0.6722222222222222,0.0,10.0,10.0,100.0,31.0,69.0,0.69,41.0,2.6451612903225805,2.0,4.0,0.0,13.0,18.0,1.0,1.0,15.0,5.215400624349636,1.0,10.0,2.0,3.0,4.0,4.0,0.0,7.0,1.75,2.0,9.0,6.0,0.0,2.0,8.920948081764464e-16,0.017971433482553194,0.054784687837632365,0.1203451752515519,0.17149182988902706,0.30289176447908644
medium/168/961,medium,0.2833333333333333,0.7166666666666667,0.0,10.0,10.0,100.0,33.0,67.0,0.67,44.0,2.6666666666666665,1.0,4.0,4.0,8.0,21.0,1.0,1.0,14.0,5.296602387511478,1.0,13.0,7.0,7.0,4.0,4.0,0.0,5.0,1.25,2.0,6.0,9.0,0.0,1.0,-1.4414441306147585e-16,0.01757059806489454,0.04494667886947337,0.13688878590256665,0.2288441467909029,0.2811917544989373
medium/168/201,medium,0.23277777777777775,0.7672222222222222,0.0,10.0,10.0,100.0,35.0,65.0,0.65,49.0,2.8,2.0,4.0,0.0,13.0,22.0,1.0,1.0,15.0,5.593469387755102,1.0,12.0,3.0,5.0,4.0,4.0,0.0,13.0,3.25,5.0,15.0,11.0,0.0,2.0,1.9945715547551849e-16,0.015712456130190563,0.03534426920919071,0.11357936400923009,0.20295582055086203,0.2557693552306569
medium/168/146,medium,0.13935185185185184,0.8606481481481482,0.4166666666666667,10.0,10.0,100.0,24.0,76.0,0.76,35.0,2.9166666666666665,1.0,4.0,1.0,7.0,16.0,1.0,1.0,8.0,3.3715277777777777,1.0,8.0,1.0,1.0,4.0,4.0,0.0,7.0,1.75,2.0,9.0,7.0,0.0,1.0,-6.886994161307176e-16,0.07707594402599346,0.11104452739670839,0.33356434151778025,0.3658948741114651,0.4635242926628473
medium/168/593,medium,0.19999999999999984,0.8000000000000002,0.0,10.0,10.0,100.0,27.0,73.0,0.73,37.0,2.740740740740741,2.0,4.0,0.0,11.0,16.0,1.0,1.0,11.0,4.26886145404664,1.0,10.0,0.0,0.0,4.0,4.0,0.0,7.0,1.75,2.0,8.0,7.0,0.0,1.0,-3.6481327217747995e-16,0.029142552991349564,0.13242053889522534,0.15953638526486563,0.28909998235668455,0.42739262233020675
medium/168/962,medium,0.19999999999999984,0.8000000000000002,0.0,10.0,10.0,100.0,25.0,75.0,0.75,34.0,2.72,1.0,4.0,5.0,4.0,16.0,1.0,1.0,9.0,3.6864,1.0,8.0,7.0,6.0,4.0,4.0,0.0,6.0,1.5,2.0,8.0,7.0,0.0,1.0,-1.6318238419792233e-16,0.056231852207016736,0.12740968014011184,0.2397709142069492,0.3399202484761986,0.4190157227504272
medium/168/888,medium,0.641820987654321,0.358179012345679,0.0,10.0,10.0,100.0,42.0,58.0,0.58,58.0,2.761904761904762,1.0,4.0,4.0,9.0,29.0,1.0,1.0,14.0,5.977324263038549,1.0,14.0,7.0,7.0,4.0,4.0,0.0,10.0,2.5,4.0,27.0,8.0,0.0,9.0,1.5971130848276e-16,0.009087001153073511,0.050680161740984574,0.10679949809589345,0.16444120373913884,0.195703985532577
medium/168/481,medium,0.01694444444444443,0.9830555555555556,0.9166666666666666,10.0,10.0,100.0,34.0,66.0,0.66,49.0,2.8823529411764706,1.0,4.0,1.0,10.0,23.0,1.0,1.0,14.0,5.079584775086505,1.0,12.0,1.0,1.0,4.0,4.0,0.0,9.0,2.25,4.0,15.0,10.0,0.0,1.0,-8.891211050813851e-16,0.021385075392958107,0.06887132535870155,0.11810540552113799,0.25458296441181505,0.3013801954863837
medium/168/106,medium,0.3175,0.6825,0.3333333333333333,10.0,10.0,100.0,34.0,66.0,0.66,43.0,2.5294117647058822,1.0,4.0,6.0,8.0,20.0,1.0,1.0,16.0,6.029411764705882,1.0,14.0,12.0,12.0,4.0,4.0,0.0,7.0,1.75,3.0,15.0,9.0,0.0,2.0,-1.0109188395548354e-15,0.010286293244564374,0.0583757074932138,0.08358689769330188,0.20681775425985274,0.2989351401076732
medium/168/886,medium,0.22666666666666668,0.7733333333333333,0.0,10.0,10.0,100.0,33.0,67.0,0.67,47.0,2.8484848484848486,1.0,4.0,2.0,8.0,23.0,1.0,1.0,14.0,4.995408631772269,1.0,10.0,2.0,2.0,4.0,4.0,0.0,6.0,1.5,3.0,10.0,9.0,0.0,3.0,-1.9204325966257995e-16,0.020819817785456343,0.06791313458237036,0.15436816329258518,0.26294700172227287,0.3054215560807771
medium/168/994,medium,0.0,1.0,1.0,10.0,10.0,100.0,40.0,60.0,0.6,51.0,2.55,1.0,4.0,2.0,15.0,23.0,1.0,1.0,24.0,8.71875,1.0,23.0,11.0,13.0,4.0,4.0,0.0,8.0,2.0,3.0,15.0,10.0,0.0,2.0,-2.9991254438081643e-16,0.005027996735541321,0.028062789987484123,0.0543087960021592,0.09286294094170436,0.13491720159473247
medium/168/684,medium,0.019907407407407374,0.9800925925925926,0.9166666666666666,10.0,10.0,100.0,39.0,61.0,0.61,52.0,2.6666666666666665,1.0,4.0,1.0,16.0,22.0,1.0,1.0,20.0,7.205785667324129,1.0,15.0,7.0,10.0,4.0,4.0,0.0,8.0,2.0,4.0,18.0,11.0,0.0,1.0,3.833719579947882e-16,0.007065994550214728,0.03599017371075066,0.06247021876673081,0.09662071614381937,0.22745636432286628
medium/168/175,medium,0.3767857142857144,0.6232142857142856,0.0,10.0,10.0,100.0,32.0,68.0,0.68,41.0,2.5625,1.0,4.0,3.0,10.0,19.0,1.0,1.0,17.0,5.900390625,1.0,13.0,9.0,9.0,4.0,4.0,0.0,7.0,1.75,3.0,7.0,7.0,0.0,2.0,-8.329800306939897e-17,0.013526804737278941,0.04995555756980965,0.09619662666523827,0.14838717424771933,0.27523347054539943
medium/168/66,medium,0.14249999999999996,0.8575,0.25,10.0,10.0,100.0,41.0,59.0,0.59,59.0,2.8780487804878048,1.0,4.0,2.0,9.0,30.0,1.0,1.0,13.0,5.144556811421773,1.0,10.0,3.0,3.0,4.0,4.0,0.0,6.0,1.5,3.0,10.0,9.0,0.0,3.0,6.624669893797524e-16,0.02324159855666532,0.05575618788402124,0.09622773346560749,0.18176925973603358,0.21378529788620304
medium/168/875,medium,0.19444444444444453,0.8055555555555555,0.0,10.0,10.0,100.0,22.0,78.0,0.78,28.0,2.5454545454545454,1.0,4.0,3.0,6.0,13.0,1.0,1.0,9.0,3.756198347107438,1.0,9.0,3.0,3.0,4.0,4.0,0.0,9.0,2.25,3.0,9.0,3.0,0.0,1.0,-3.585120520091802e-17,0.045419376564013715,0.19834036363468643,0.2695327288499641,0.3145003065801977,0.4775072772722731
medium/168/393,medium,0.19138888888888894,0.8086111111111111,0.0,10.0,10.0,100.0,32.0,68.0,0.68,44.0,2.75,1.0,4.0,2.0,6.0,24.0,1.0,1.0,14.0,5.21875,1.0,9.0,4.0,4.0,4.0,4.0,0.0,10.0,2.5,3.0,15.0,5.0,0.0,2.0,-2.819398031855577e-16,0.018646926827734406,0.06713580740049202,0.11394025698623973,0.21146699426587362,0.24138665196044462
medium/168/304,medium,0.04861111111111116,0.9513888888888888,0.75,10.0,10.0,100.0,30.0,70.0,0.7,42.0,2.8,1.0,4.0,2.0,9.0,19.0,1.0,1.0,10.0,3.986666666666667,1.0,8.0,4.0,4.0,4.0,4.0,0.0,8.0,2.0,3.0,9.0,9.0,0.0,2.0,-2.3795351761225284e-16,0.0595843359581828,0.0789663805643208,0.1476223245993809,0.2596253738346201,0.3067667545129319
medium/168/319,medium,0.3716666666666666,0.6283333333333334,0.0,10.0,10.0,100.0,30.0,70.0,0.7,40.0,2.6666666666666665,1.0,4.0,4.0,8.0,18.0,1.0,1.0,14.0,4.751111111111111,1.0,13.0,7.0,7.0,4.0,4.0,0.0,6.0,1.5,2.0,10.0,9.0,0.0,4.0,3.6167562169446455e-17,0.026518809752382442,0.07374211725964097,0.18017482956885,0.20553988913776805,0.3066543735550388
medium/168/639,medium,0.2318181818181818,0.7681818181818182,0.0,10.0,10.0,100.0,32.0,68.0,0.68,43.0,2.6875,1.0,4.0,1.0,11.0,20.0,1.0,1.0,15.0,5.40234375,1.0,12.0,5.0,6.0,4.0,4.0,0.0,9.0,2.25,5.0,11.0,9.0,0.0,1.0,-4.527730333175887e-16,0.01523875215132502,0.057084022421651746,0.1066445437331583,0.14200377295678504,0.2451816324922729
medium/168/488,medium,0.18988095238095237,0.8101190476190476,0.08333333333333333,10.0,10.0,100.0,23.0,77.0,0.77,32.0,2.782608695652174,1.0,4.0,2.0,5.0,16.0,1.0,1.0,11.0,3.8034026465028354,1.0,11.0,3.0,3.0,4.0,4.0,0.0,4.0,1.0,1.0,7.0,6.0,0.0,1.0,-1.6042973259123201e-15,0.04567308015478115,0.16367991434743018,0.2845439744802089,0.3675811013059236,0.3956011967742489
medium/168/395,medium,0.2666666666666666,0.7333333333333334,0.0,10.0,10.0,100.0,18.0,82.0,0.82,26.0,2.888888888888889,1.0,4.0,1.0,6.0,11.0,1.0,1.0,7.0,2.734567901234568,1.0,7.0,1.0,1.0,4.0,4.0,0.0,4.0,1.0,1.0,4.0,5.0,0.0,1.0,1.101552248920502e-15,0.14452652924971437,0.24219288874908262,0.35707126962031277,0.5746747179166022,0.6726786023595707
medium/168/980,medium,0.37083333333333346,0.6291666666666665,0.0,10.0,10.0,100.0,38.0,62.0,0.62,54.0,2.8421052631578947,2.0,4.0,0.0,10.0,28.0,1.0,1.0,12.0,5.297783933518006,1.0,11.0,0.0,0.0,4.0,4.0,0.0,5.0,1.25,2.0,12.0,7.0,0.0,6.0,-1.4823168509745504e-15,0.02908133783411855,0.03434133537550849,0.10693286047041484,0.1846538640652595,0.23233844870798676
medium/168/400,medium,0.19444444444444453,0.8055555555555555,0.0,10.0,10.0,100.0,23.0,77.0,0.77,32.0,2.782608695652174,1.0,4.0,2.0,5.0,16.0,1.0,1.0,11.0,3.8185255198487713,1.0,9.0,2.0,2.0,4.0,4.0,0.0,7.0,1.75,3.0,9.0,7.0,0.0,1.0,-4.546908413830345e-16,0.04065159226739625,0.16737244986414151,0.24684420208917665,0.40350582922684347,0.5490013246558976
medium/168/494,medium,0.15064102564102566,0.8493589743589743,0.16666666666666666,10.0,10.0,100.0,19.0,81.0,0.81,23.0,2.4210526315789473,1.0,3.0,2.0,7.0,10.0,1.0,1.0,8.0,3.490304709141274,1.0,8.0,4.0,4.0,4.0,4.0,0.0,8.0,2.0,3.0,13.0,3.0,0.0,1.0,-2.826460394414891e-16,0.07568884908800157,0.0837200592053605,0.30607392112550097,0.36246961002297706,0.5354434871650415
medium/168/712,medium,0.25909090909090915,0.7409090909090909,0.0,10.0,10.0,100.0,31.0,69.0,0.69,43.0,2.774193548387097,1.0,4.0,2.0,10.0,19.0,1.0,1.0,13.0,4.9365244536940684,1.0,13.0,6.0,5.0,4.0,4.0,0.0,8.0,2.0,3.0,11.0,9.0,0.0,2.0,-4.726301943401372e-16,0.01361440584875342,0.09166611342641603,0.15377793328840422,0.25321906187564847,0.3357883055788241
medium/168/39,medium,0.17857142857142871,0.8214285714285713,0.0,10.0,10.0,100.0,29.0,71.0,0.71,39.0,2.689655172413793,1.0,4.0,3.0,5.0,21.0,1.0,1.0,13.0,5.027348394768133,1.0,13.0,5.0,4.0,4.0,4.0,0.0,12.0,3.0,5.0,14.0,5.0,0.0,4.0,-1.2877436575107025e-16,0.02219708425779831,0.07366314453015349,0.11532498297459425,0.22286177917361588,0.3554578536214771
medium/168/515,medium,0.26111111111111107,0.7388888888888889,0.0,10.0,10.0,100.0,24.0,76.0,0.76,31.0,2.5833333333333335,1.0,4.0,4.0,6.0,14.0,1.0,1.0,11.0,4.038194444444445,1.0,10.0,8.0,8.0,4.0,4.0,0.0,5.0,1.25,2.0,6.0,5.0,0.0,1.0,6.505851702641714e-17,0.04288816905478738,0.13194244640565847,0.17570473901118644,0.3048136437383818,0.3482942932512329
medium/168/100,medium,0.23095238095238102,0.769047619047619,0.0,10.0,10.0,100.0,32.0,68.0,0.68,45.0,2.8125,1.0,4.0,3.0,6.0,23.0,1.0,1.0,11.0,4.287109375,1.0,10.0,3.0,4.0,4.0,4.0,0.0,7.0,1.75,2.0,14.0,8.0,0.0,1.0,-4.869159526339699e-16,0.03770227534803462,0.08058146725654812,0.16781054497728906,0.2605061946789369,0.32368404928427175
medium/168/937,medium,0.17666666666666675,0.8233333333333333,0.0,10.0,10.0,100.0,33.0,67.0,0.67,41.0,2.484848484848485,1.0,4.0,2.0,15.0,16.0,1.0,1.0,14.0,5.469237832874197,1.0,10.0,3.0,3.0,4.0,4.0,0.0,11.0,2.75,4.0,15.0,9.0,0.0,1.0,-6.255291184566125e-17,0.027728568546141422,0.04038794967971784,0.0986427943075837,0.15685764059169754,0.23119008336625949
medium/168/601,medium,0.25,0.75,0.0,10.0,10.0,100.0,35.0,65.0,0.65,50.0,2.857142857142857,1.0,4.0,1.0,11.0,23.0,1.0,1.0,12.0,5.1755102040816325,1.0,11.0,2.0,3.0,4.0,4.0,0.0,6.0,1.5,2.0,20.0,10.0,0.0,5.0,1.3754807429149393e-16,0.013419719236454635,0.08909976330354709,0.12649494786247598,0.19149299427658067,0.24397424829923542
medium/168/33,medium,0.19999999999999984,0.8000000000000002,0.0,10.0,10.0,100.0,33.0,67.0,0.67,42.0,2.5454545454545454,1.0,4.0,4.0,9.0,20.0,1.0,1.0,18.0,6.633608815426998,1.0,10.0,9.0,11.0,4.0,4.0,0.0,8.0,2.0,5.0,8.0,10.0,0.0,3.0,-2.3535976556916066e-16,0.00989037393107313,0.04108981007125119,0.09033263324859668,0.2105324062134463,0.28121705382990153
medium/168/272,medium,0.2300000000000001,0.7699999999999999,0.0,10.0,10.0,100.0,30.0,70.0,0.7,37.0,2.466666666666667,1.0,4.0,2.0,15.0,13.0,1.0,1.0,20.0,6.855555555555555,1.0,13.0,11.0,12.0,4.0,4.0,0.0,5.0,1.25,2.0,5.0,9.0,0.0,1.0,6.215862640071554e-16,0.01011276362466329,0.052705656776826655,0.0831647784365246,0.20598083527826772,0.29563017466736846
medium/168/775,medium,0.0,1.0,1.0,10.0,10.0,100.0,35.0,65.0,0.65,43.0,2.4571428571428573,1.0,4.0,3.0,16.0,16.0,1.0,1.0,18.0,6.566530612244898,1.0,16.0,12.0,14.0,4.0,4.0,0.0,8.0,2.0,4.0,9.0,11.0,0.0,3.0,1.3025242800336498e-15,0.009498425623607889,0.027487095740495748,0.07188306377072748,0.10343188056819598,0.19432088955593968
medium/168/572,medium,0.26428571428571423,0.7357142857142858,0.0,10.0,10.0,100.0,33.0,67.0,0.67,45.0,2.727272727272727,1.0,4.0,2.0,9.0,22.0,1.0,1.0,13.0,4.686868686868687,1.0,12.0,4.0,4.0,4.0,4.0,0.0,6.0,1.5,2.0,7.0,8.0,0.0,1.0,9.805796220940077e-16,0.03501340035699345,0.05730963840670304,0.1306066471019278,0.16340277438980658,0.3134702456823079
medium/168/929,medium,0.20714285714285718,0.7928571428571428,0.0,10.0,10.0,100.0,35.0,65.0,0.65,48.0,2.742857142857143,1.0,4.0,1.0,12.0,22.0,1.0,1.0,11.0,5.08734693877551,1.0,10.0,1.0,1.0,4.0,4.0,0.0,7.0,1.75,2.0,14.0,8.0,0.0,1.0,-3.160164476982073e-16,0.03727370985046186,0.03791078016531855,0.14391249143266613,0.16121294755863916,0.26370070530541173
medium/168/995,medium,0.20714285714285718,0.7928571428571428,0.0,10.0,10.0,100.0,23.0,77.0,0.77,32.0,2.782608695652174,1.0,4.0,1.0,6.0,16.0,1.0,1.0,9.0,3.652173913043478,1.0,8.0,1.0,1.0,4.0,4.0,0.0,6.0,1.5,2.0,7.0,7.0,0.0,1.0,1.5126510910186047e-16,0.04927211227608989,0.09182845188089743,0.2524800796632654,0.41572413488505056,0.5452000485222572
medium/168/290,medium,0.42999999999999994,0.5700000000000001,0.0,10.0,10.0,100.0,24.0,76.0,0.76,34.0,2.8333333333333335,1.0,4.0,1.0,6.0,17.0,1.0,1.0,10.0,3.9409722222222223,1.0,10.0,1.0,1.0,4.0,4.0,0.0,6.0,1.5,2.0,10.0,6.0,0.0,3.0,-3.839565189768094e-16,0.031839372891371565,0.13893845405017555,0.2910312936653141,0.42121509742651997,0.42945868796105424
medium/168/308,medium,0.0,1.0,1.0,10.0,10.0,100.0,41.0,59.0,0.59,56.0,2.731707317073171,1.0,4.0,1.0,14.0,26.0,1.0,1.0,21.0,7.619274241522903,1.0,12.0,6.0,8.0,4.0,4.0,0.0,8.0,2.0,3.0,17.0,11.0,0.0,2.0,4.613699764395595e-16,0.005716294838969557,0.02641419528424365,0.062513925900552,0.18078300578444573,0.20231115409795766
medium/168/469,medium,0.17500000000000016,0.8249999999999998,0.0,10.0,10.0,100.0,43.0,57.0,0.57,56.0,2.604651162790698,1.0,4.0,2.0,16.0,25.0,1.0,1.0,14.0,5.877771768523527,1.0,9.0,2.0,2.0,4.0,4.0,0.0,5.0,1.25,2.0,16.0,9.0,0.0,3.0,-3.796715849056954e-16,0.022149083938369576,0.03199753355001566,0.062387389104567655,0.10337806692265497,0.18951448959402672
medium/168/204,medium,0.0,1.0,1.0,10.0,10.0,100.0,39.0,61.0,0.61,50.0,2.5641025641025643,1.0,4.0,5.0,10.0,24.0,1.0,1.0,21.0,7.739644970414201,1.0,12.0,10.0,11.0,4.0,4.0,0.0,13.0,3.25,7.0,13.0,13.0,0.0,1.0,-8.362086037110187e-16,0.006374416152949647,0.029922863264480012,0.07225568109353449,0.15604404033749944,0.2028381219773346
medium/168/808,medium,0.23382352941176476,0.7661764705882352,0.0,10.0,10.0,100.0,35.0,65.0,0.65,47.0,2.6857142857142855,1.0,4.0,1.0,15.0,19.0,1.0,1.0,15.0,5.283265306122449,1.0,15.0,4.0,5.0,4.0,4.0,0.0,8.0,2.0,3.0,17.0,9.0,0.0,3.0,4.704424575275168e-16,0.017857482315118387,0.05654620111703572,0.10564130364332096,0.1625905279253399,0.2704130854778265
medium/168/528,medium,0.22272727272727266,0.7772727272727273,0.0,10.0,10.0,100.0,32.0,68.0,0.68,43.0,2.6875,1.0,4.0,2.0,11.0,19.0,1.0,1.0,14.0,5.51171875,1.0,11.0,5.0,7.0,4.0,4.0,0.0,9.0,2.25,3.0,11.0,10.0,0.0,1.0,-6.511572980841526e-17,0.011419450832381875,0.08621923789812612,0.12848475793192626,0.2097132284953786,0.26348266558626937
medium/168/398,medium,0.23511904761904756,0.7648809523809524,0.08333333333333333,10.0,10.0,100.0,36.0,64.0,0.64,52.0,2.888888888888889,1.0,4.0,1.0,10.0,25.0,1.0,1.0,15.0,5.697530864197531,1.0,10.0,3.0,4.0,4.0,4.0,0.0,10.0,2.5,4.0,14.0,8.0,0.0,3.0,8.835742357639626e-16,0.010622950285135359,0.07312361002670995,0.1343003248828646,0.23565702584007756,0.3009853163833127
medium/168/548,medium,0.2730769230769231,0.7269230769230769,0.0,10.0,10.0,100.0,41.0,59.0,0.59,53.0,2.5853658536585367,1.0,4.0,2.0,15.0,24.0,1.0,1.0,13.0,5.670434265318263,1.0,11.0,2.0,2.0,4.0,4.0,0.0,10.0,2.5,4.0,13.0,12.0,0.0,4.0,-1.2567783099924365e-16,0.023704792099146436,0.03556642625732786,0.06316551077856986,0.12939771569430444,0.16479154782981986
medium/168/79,medium,0.2300000000000001,0.7699999999999999,0.0,10.0,10.0,100.0,24.0,76.0,0.76,33.0,2.75,1.0,4.0,2.0,6.0,16.0,1.0,1.0,9.0,3.8020833333333335,1.0,9.0,3.0,3.0,4.0,4.0,0.0,4.0,1.0,1.0,5.0,7.0,0.0,1.0,1.0239280742628542e-16,0.04259229024793559,0.1272448840601168,0.21113820173898448,0.36506620006224677,0.4327184720449624
medium/168/365,medium,0.20714285714285718,0.7928571428571428,0.0,10.0,10.0,100.0,32.0,68.0,0.68,45.0,2.8125,1.0,4.0,1.0,11.0,20.0,1.0,1.0,17.0,5.423828125,1.0,9.0,5.0,5.0,4.0,4.0,0.0,13.0,3.25,5.0,21.0,8.0,0.0,1.0,-2.746546303528931e-17,0.021653588926443354,0.06255542795205583,0.13261604971160534,0.24284555718462306,0.32775463049661363
medium/168/586,medium,0.16861111111111116,0.8313888888888888,0.16666666666666666,10.0,10.0,100.0,28.0,72.0,0.72,38.0,2.7142857142857144,1.0,4.0,1.0,10.0,17.0,1.0,1.0,12.0,4.780612244897959,1.0,11.0,3.0,4.0,4.0,4.0,0.0,8.0,2.0,4.0,15.0,9.0,0.0,1.0,9.983218967408271e-17,0.01875647052873743,0.05368430312019997,0.19909064504061344,0.304583951112168,0.4288894687321213
medium/168/833,medium,0.419047619047619,0.580952380952381,0.0,10.0,10.0,100.0,32.0,68.0,0.68,41.0,2.5625,1.0,4.0,2.0,14.0,16.0,1.0,1.0,12.0,5.2578125,1.0,11.0,2.0,2.0,4.0,4.0,0.0,6.0,1.5,2.0,14.0,8.0,0.0,7.0,4.93255471914476e-16,0.035504351624582035,0.043610692029461474,0.14075028392816413,0.16855555197424388,0.2996530616786828
medium/168/83,medium,0.0,1.0,1.0,10.0,10.0,100.0,35.0,65.0,0.65,42.0,2.4,1.0,4.0,3.0,16.0,16.0,1.0,1.0,25.0,8.600816326530612,1.0,15.0,15.0,16.0,4.0,4.0,0.0,11.0,2.75,5.0,17.0,10.0,0.0,3.0,-3.140560072194396e-16,0.005508249783179054,0.03101552098081267,0.08061185250971192,0.12876176234670783,0.17870427221686613
medium/168/462,medium,0.4852564102564103,0.5147435897435897,0.0,10.0,10.0,100.0,28.0,72.0,0.72,39.0,2.7857142857142856,1.0,4.0,3.0,5.0,20.0,1.0,1.0,11.0,4.163265306122449,1.0,10.0,3.0,3.0,4.0,4.0,0.0,6.0,1.5,2.0,13.0,5.0,0.0,2.0,9.349608189314454e-18,0.03438639493682384,0.1493897210160884,0.21470900113340763,0.31320571844179773,0.3689787295175371
medium/168/359,medium,0.2300000000000001,0.7699999999999999,0.0,10.0,10.0,100.0,29.0,71.0,0.71,38.0,2.6206896551724137,1.0,4.0,1.0,12.0,16.0,1.0,1.0,14.0,5.260404280618311,1.0,13.0,5.0,7.0,4.0,4.0,0.0,8.0,2.0,4.0,15.0,9.0,0.0,1.0,1.0969957774706584e-17,0.01871657693925625,0.05031266107605122,0.10034002043745281,0.2348579654300221,0.3559987840918732
medium/168/632,medium,0.19999999999999984,0.8000000000000002,0.0,10.0,10.0,100.0,33.0,67.0,0.67,45.0,2.727272727272727,1.0,4.0,2.0,11.0,20.0,1.0,1.0,14.0,4.587695133149679,1.0,7.0,5.0,5.0,4.0,4.0,0.0,7.0,1.75,2.0,8.0,7.0,0.0,1.0,-3.488936706574616e-16,0.0390976712338082,0.08782848392944001,0.10524113280586576,0.19059879069974278,0.2796351826662873
medium/168/487,medium,0.46333333333333326,0.5366666666666667,0.0,10.0,10.0,100.0,35.0,65.0,0.65,47.0,2.6857142857142855,1.0,4.0,4.0,8.0,23.0,1.0,1.0,16.0,5.557551020408163,1.0,11.0,7.0,8.0,4.0,4.0,0.0,9.0,2.25,4.0,15.0,10.0,0.0,1.0,-5.713327323880563e-17,0.014194646885527018,0.07212123620967766,0.09494094615384356,0.13708183423187512,0.30260487881726966
medium/168/376,medium,0.1807692307692309,0.8192307692307691,0.0,10.0,10.0,100.0,27.0,73.0,0.73,39.0,2.888888888888889,1.0,4.0,2.0,5.0,20.0,1.0,1.0,9.0,3.6982167352537725,1.0,7.0,2.0,1.0,4.0,4.0,0.0,9.0,2.25,4.0,13.0,5.0,0.0,3.0,1.6924711860184203e-16,0.058009533051102576,0.1351579652093019,0.2381894877928417,0.3047282048103798,0.4547700657295312
medium/168/379,medium,0.17500000000000016,0.8249999999999998,0.0,10.0,10.0,100.0,38.0,62.0,0.62,46.0,2.4210526315789473,1.0,3.0,2.0,18.0,18.0,1.0,1.0,15.0,7.098337950138504,1.0,14.0,2.0,2.0,4.0,4.0,0.0,15.0,3.75,5.0,16.0,9.0,0.0,1.0,-1.5462699672364982e-16,0.017312371022149827,0.022409570032412625,0.06432442808437824,0.10584537565541613,0.164767870949719
hard/002/275,hard,0.48782051282051275,0.5121794871794872,0.0,10.0,10.0,100.0,29.0,71.0,0.71,40.0,2.7586206896551726,1.0,4.0,4.0,6.0,19.0,1.0,1.0,10.0,3.995243757431629,1.0,10.0,6.0,6.0,4.0,4.0,0.0,8.0,2.0,4.0,13.0,7.0,0.0,1.0,-9.482062138972618e-16,0.06438739709609165,0.1016263805770294,0.11092072628162845,0.22748670092099915,0.3693526616260435
hard/002/637,hard,0.20714285714285718,0.7928571428571428,0.0,10.0,10.0,100.0,26.0,74.0,0.74,35.0,2.6923076923076925,1.0,4.0,2.0,7.0,17.0,1.0,1.0,10.0,3.893491124260355,1.0,10.0,2.0,2.0,4.0,4.0,0.0,7.0,1.75,3.0,7.0,7.0,0.0,1.0,-3.683997881812539e-16,0.05384911842566048,0.08191751163585524,0.19888667888760705,0.36110355890305823,0.42902634712180343
hard/002/778,hard,0.26764705882352935,0.7323529411764707,0.0,10.0,10.0,100.0,27.0,73.0,0.73,33.0,2.4444444444444446,1.0,3.0,2.0,11.0,14.0,1.0,1.0,18.0,6.37037037037037,1.0,18.0,10.0,10.0,4.0,4.0,0.0,10.0,2.5,4.0,17.0,6.0,0.0,1.0,-4.724063281988612e-16,0.011832008070165819,0.040546955123237985,0.14463761558353336,0.21230301609656596,0.3219802086439577
hard/002/379,hard,0.25,0.75,0.0,10.0,10.0,100.0,27.0,73.0,0.73,37.0,2.740740740740741,1.0,4.0,1.0,10.0,16.0,1.0,1.0,12.0,4.35116598079561,1.0,11.0,4.0,4.0,4.0,4.0,0.0,8.0,2.0,5.0,8.0,10.0,0.0,1.0,1.1182705471839857e-15,0.025662671748399948,0.08770101900857855,0.14857881298764392,0.2748753317289963,0.3989637744518819
hard/002/874,hard,0.17261904761904778,0.8273809523809522,0.16666666666666666,10.0,10.0,100.0,20.0,80.0,0.8,28.0,2.8,1.0,4.0,2.0,4.0,14.0,1.0,1.0,8.0,3.235,1.0,8.0,2.0,2.0,4.0,4.0,0.0,6.0,1.5,2.0,7.0,5.0,0.0,1.0,-2.2340828626811296e-16,0.07643407973377174,0.1878242169874918,0.3661357380144242,0.43098503147717215,0.5834980605891821
hard/002/96,hard,0.43571428571428583,0.5642857142857142,0.0,10.0,10.0,100.0,38.0,62.0,0.62,52.0,2.736842105263158,1.0,4.0,2.0,13.0,23.0,1.0,1.0,14.0,5.239612188365651,1.0,13.0,3.0,4.0,4.0,4.0,0.0,16.0,4.0,5.0,28.0,12.0,0.0,1.0,-6.738444110263143e-17,0.020685922643538912,0.061859466858674356,0.09182200124974477,0.1619016749482232,0.22266107940984295
hard/002/572,hard,0.1807692307692309,0.8192307692307691,0.0,10.0,10.0,100.0,33.0,67.0,0.67,42.0,2.5454545454545454,1.0,4.0,4.0,11.0,18.0,1.0,1.0,18.0,6.6850321395775945,1.0,11.0,10.0,10.0,4.0,4.0,0.0,12.0,3.0,4.0,13.0,9.0,0.0,1.0,-4.453956953432544e-16,0.007350949048157301,0.0568005697945628,0.105546779904438,0.1679696293147274,0.3237417623510079
hard/002/665,hard,0.16666666666666663,0.8333333333333334,0.3333333333333333,10.0,10.0,100.0,35.0,65.0,0.65,47.0,2.6857142857142855,1.0,4.0,1.0,14.0,20.0,1.0,1.0,15.0,5.635918367346939,1.0,13.0,4.0,7.0,4.0,4.0,0.0,5.0,1.25,2.0,7.0,13.0,0.0,2.0,1.1705449726582242e-15,0.014107671659520577,0.03476173591262379,0.07759062986739149,0.1683793129676489,0.27383360947878926
hard/002/385,hard,0.1807692307692309,0.8192307692307691,0.0,10.0,10.0,100.0,22.0,78.0,0.78,32.0,2.909090909090909,1.0,4.0,1.0,5.0,16.0,1.0,1.0,8.0,3.28099173553719,1.0,8.0,1.0,1.0,4.0,4.0,0.0,11.0,2.75,4.0,13.0,5.0,0.0,1.0,-2.614793459889107e-16,0.0869490589967632,0.11711472905234786,0.33484036814525453,0.4313165086917323,0.521173445456909
hard/002/222,hard,0.2300000000000001,0.7699999999999999,0.0,10.0,10.0,100.0,26.0,74.0,0.74,34.0,2.6153846153846154,1.0,4.0,1.0,9.0,16.0,1.0,1.0,13.0,4.754437869822485,1.0,11.0,4.0,6.0,4.0,4.0,0.0,6.0,1.5,2.0,10.0,9.0,0.0,1.0,2.474360616037939e-16,0.018297785934349373,0.07335158613535687,0.11463881805775494,0.2654083785900347,0.41952556271154473
hard/002/645,hard,0.2607142857142858,0.7392857142857142,0.0,10.0,10.0,100.0,20.0,80.0,0.8,28.0,2.8,1.0,4.0,2.0,6.0,12.0,1.0,1.0,9.0,3.215,1.0,9.0,3.0,3.0,4.0,4.0,0.0,6.0,1.5,2.0,7.0,6.0,0.0,1.0,2.3055162721302383e-17,0.089857751581613,0.22222118904853874,0.2739265420567876,0.49851525185974543,0.5465003567744117
hard/002/582,hard,0.19999999999999984,0.8000000000000002,0.0,10.0,10.0,100.0,24.0,76.0,0.76,31.0,2.5833333333333335,1.0,4.0,3.0,6.0,15.0,1.0,1.0,14.0,4.503472222222222,1.0,8.0,7.0,7.0,4.0,4.0,0.0,7.0,1.75,3.0,8.0,5.0,0.0,1.0,1.275272051794363e-16,0.033431142012045126,0.07323831642513043,0.24364985234656278,0.3129330835911837,0.3470655503491723
hard/002/849,hard,0.2333333333333334,0.7666666666666666,0.0,10.0,10.0,100.0,21.0,79.0,0.79,30.0,2.857142857142857,1.0,4.0,1.0,5.0,15.0,1.0,1.0,9.0,3.437641723356009,1.0,5.0,1.0,1.0,4.0,4.0,0.0,5.0,1.25,2.0,6.0,6.0,0.0,1.0,4.910341805916776e-16,0.050426048713395635,0.2149277416442093,0.30584650036596467,0.44315395056295137,0.6395073952245737
hard/002/567,hard,0.20999999999999996,0.79,0.0,10.0,10.0,100.0,36.0,64.0,0.64,51.0,2.8333333333333335,2.0,4.0,0.0,12.0,24.0,1.0,1.0,12.0,4.773148148148148,1.0,9.0,0.0,0.0,4.0,4.0,0.0,8.0,2.0,3.0,10.0,8.0,0.0,1.0,-2.279207551610087e-16,0.03008721430688254,0.04064941550622522,0.11035714725368895,0.176482241138656,0.2573146902918668
hard/002/787,hard,0.20666666666666655,0.7933333333333334,0.0,10.0,10.0,100.0,24.0,76.0,0.76,32.0,2.6666666666666665,1.0,4.0,2.0,6.0,16.0,1.0,1.0,10.0,4.076388888888889,1.0,9.0,3.0,4.0,4.0,4.0,0.0,7.0,1.75,2.0,10.0,7.0,0.0,3.0,-9.608495353291718e-16,0.03300569026468395,0.07589868289176357,0.2187099888200827,0.3677679652188357,0.4977260058774001
hard/002/854,hard,0.1807692307692309,0.8192307692307691,0.0,10.0,10.0,100.0,25.0,75.0,0.75,33.0,2.64,1.0,4.0,3.0,8.0,14.0,1.0,1.0,10.0,3.7312,1.0,9.0,4.0,4.0,4.0,4.0,0.0,9.0,2.25,3.0,13.0,8.0,0.0,1.0,-1.8082798283871577e-17,0.07165218791552605,0.12015987073359981,0.21601533847072565,0.27329399010313393,0.33550364373300984
hard/002/834,hard,0.17888888888888876,0.8211111111111112,0.0,10.0,10.0,100.0,34.0,66.0,0.66,48.0,2.823529411764706,2.0,4.0,0.0,12.0,22.0,1.0,1.0,13.0,5.3719723183391,1.0,13.0,4.0,5.0,4.0,4.0,0.0,13.0,3.25,5.0,15.0,9.0,0.0,2.0,6.637581567990281e-16,0.011392454525881933,0.04077056915024732,0.1740519397463634,0.22887583273686732,0.2865854316982632
hard/002/659,hard,0.19444444444444453,0.8055555555555555,0.0,10.0,10.0,100.0,25.0,75.0,0.75,36.0,2.88,1.0,4.0,2.0,5.0,18.0,1.0,1.0,9.0,3.6608,1.0,6.0,2.0,2.0,4.0,4.0,0.0,6.0,1.5,3.0,9.0,6.0,0.0,2.0,-2.267954822788336e-16,0.04405209474063553,0.17665257525810485,0.24840697921360186,0.33809178758359754,0.45027960864979505
hard/002/722,hard,0.23888888888888893,0.7611111111111111,0.0,10.0,10.0,100.0,24.0,76.0,0.76,32.0,2.6666666666666665,1.0,4.0,3.0,7.0,14.0,1.0,1.0,12.0,3.9583333333333335,1.0,12.0,6.0,6.0,4.0,4.0,0.0,7.0,1.75,3.0,9.0,7.0,0.0,1.0,5.99413335974699e-16,0.05127696136641961,0.1141164550136376,0.20575455502199833,0.28341949822404605,0.42561335449140597
hard/002/226,hard,0.1807692307692309,0.8192307692307691,0.0,10.0,10.0,100.0,41.0,59.0,0.59,55.0,2.682926829268293,1.0,4.0,3.0,13.0,25.0,1.0,1.0,20.0,7.357525282569899,1.0,14.0,7.0,9.0,4.0,4.0,0.0,11.0,2.75,5.0,13.0,13.0,0.0,1.0,-2.6100541683739087e-16,0.007011087831777338,0.022761170145365966,0.07526949837050759,0.17578165447419267,0.23475823992646846
hard/002/363,hard,0.3799999999999999,0.6200000000000001,0.0,10.0,10.0,100.0,29.0,71.0,0.71,40.0,2.7586206896551726,1.0,4.0,1.0,9.0,19.0,1.0,1.0,16.0,5.612366230677765,1.0,13.0,4.0,5.0,4.0,4.0,0.0,11.0,2.75,4.0,15.0,7.0,0.0,1.0,-9.628541023931852e-16,0.012071397834004762,0.08003018329981315,0.20507468136940485,0.30975277080377617,0.4166419523218091
hard/002/541,hard,0.016421568627451033,0.983578431372549,0.9166666666666666,10.0,10.0,100.0,35.0,65.0,0.65,49.0,2.8,2.0,4.0,0.0,11.0,24.0,1.0,1.0,19.0,6.706938775510204,1.0,10.0,4.0,6.0,4.0,4.0,0.0,16.0,4.0,7.0,17.0,9.0,0.0,2.0,-9.49499989247099e-17,0.008916343821671224,0.03455904298576891,0.13243597127734047,0.17754714665098828,0.315762448455828
hard/002/355,hard,0.19999999999999984,0.8000000000000002,0.0,10.0,10.0,100.0,24.0,76.0,0.76,33.0,2.75,1.0,4.0,2.0,4.0,18.0,1.0,1.0,11.0,4.201388888888889,1.0,11.0,2.0,2.0,4.0,4.0,0.0,7.0,1.75,3.0,8.0,6.0,0.0,1.0,-1.9188777036480254e-17,0.030106349835717333,0.11608962904403364,0.23493991410493276,0.38737999821698477,0.4877226768734051
hard/002/94,hard,0.19999999999999984,0.8000000000000002,0.0,10.0,10.0,100.0,24.0,76.0,0.76,32.0,2.6666666666666665,1.0,4.0,3.0,6.0,15.0,1.0,1.0,10.0,3.8506944444444446,1.0,10.0,4.0,4.0,4.0,4.0,0.0,4.0,1.0,1.0,8.0,8.0,0.0,1.0,-7.232099842464581e-16,0.04158509441353242,0.15662221544390953,0.17094529284802615,0.33197292370394116,0.4012972725993753
hard/002/354,hard,0.19999999999999984,0.8000000000000002,0.0,10.0,10.0,100.0,25.0,75.0,0.75,33.0,2.64,1.0,4.0,1.0,10.0,14.0,1.0,1.0,12.0,4.48,1.0,11.0,4.0,4.0,4.0,4.0,0.0,6.0,1.5,2.0,8.0,9.0,0.0,1.0,2.2983370896163753e-17,0.022141664801914273,0.07459201861120812,0.1966041589660791,0.3312998423208533,0.37236282243692914
hard/002/43,hard,0.018055555555555602,0.9819444444444444,0.9166666666666666,10.0,10.0,100.0,20.0,80.0,0.8,28.0,2.8,1.0,4.0,2.0,5.0,13.0,1.0,1.0,8.0,3.09,1.0,8.0,2.0,2.0,4.0,4.0,0.0,5.0,1.25,2.0,6.0,5.0,0.0,2.0,-9.637432844819134e-16,0.09931042321172992,0.17270917332092547,0.31609958743040883,0.4717895476980652,0.5977284437932259
hard/002/577,hard,0.2583333333333333,0.7416666666666667,0.0,10.0,10.0,100.0,28.0,72.0,0.72,37.0,2.642857142857143,1.0,4.0,3.0,8.0,17.0,1.0,1.0,14.0,4.788265306122449,1.0,14.0,7.0,7.0,4.0,4.0,0.0,6.0,1.5,2.0,8.0,8.0,0.0,4.0,2.1822381800841694e-16,0.023573608011390034,0.07714560094906993,0.12556960191176136,0.22152355558244713,0.40894834808200997
hard/002/20,hard,0.12666666666666648,0.8733333333333335,0.3333333333333333,10.0,10.0,100.0,29.0,71.0,0.71,41.0,2.8275862068965516,1.0,4.0,2.0,8.0,19.0,1.0,1.0,10.0,4.447086801426873,1.0,10.0,4.0,5.0,4.0,4.0,0.0,5.0,1.25,2.0,10.0,9.0,0.0,2.0,-4.36701561553881e-16,0.01731088881003885,0.12620176615584858,0.22625092243420297,0.33372007628191924,0.3571387522673794
hard/002/663,hard,0.20833333333333315,0.7916666666666669,0.0,10.0,10.0,100.0,23.0,77.0,0.77,32.0,2.782608695652174,1.0,4.0,2.0,5.0,16.0,1.0,1.0,10.0,3.667296786389414,1.0,6.0,3.0,3.0,4.0,4.0,0.0,6.0,1.5,3.0,8.0,5.0,0.0,2.0,6.508429093568074e-16,0.05218156118156898,0.15085518932855937,0.2143516093063247,0.37437953406088814,0.4762229843180145
hard/002/76,hard,0.19444444444444453,0.8055555555555555,0.0,10.0,10.0,100.0,34.0,66.0,0.66,42.0,2.4705882352941178,1.0,4.0,4.0,12.0,18.0,1.0,1.0,20.0,6.799307958477509,1.0,20.0,12.0,12.0,4.0,4.0,0.0,8.0,2.0,4.0,9.0,8.0,0.0,1.0,8.200149495129435e-16,0.007913504720844627,0.057112707295400175,0.11589529722533032,0.18753073154356478,0.19844122570474573
hard/002/522,hard,0.20714285714285718,0.7928571428571428,0.0,10.0,10.0,100.0,21.0,79.0,0.79,29.0,2.761904761904762,1.0,4.0,2.0,6.0,13.0,1.0,1.0,8.0,3.27437641723356,1.0,5.0,3.0,3.0,4.0,4.0,0.0,7.0,1.75,2.0,7.0,7.0,0.0,1.0,3.861585338045592e-16,0.09671401084634286,0.12252767098999483,0.2884205295981565,0.4231038126375708,0.48489294420396994
hard/002/855,hard,0.4277777777777777,0.5722222222222223,0.0,10.0,10.0,100.0,39.0,61.0,0.61,52.0,2.6666666666666665,1.0,4.0,2.0,13.0,24.0,1.0,1.0,13.0,5.68310322156476,1.0,10.0,2.0,2.0,4.0,4.0,0.0,11.0,2.75,4.0,18.0,7.0,0.0,2.0,1.3010921844413997e-16,0.015655274700852824,0.04908067116272383,0.09910076835335285,0.1410015561855533,0.21567592475611272
hard/002/269,hard,0.21153846153846156,0.7884615384615384,0.0,10.0,10.0,100.0,41.0,59.0,0.59,55.0,2.682926829268293,1.0,4.0,1.0,14.0,26.0,1.0,1.0,13.0,5.622843545508625,1.0,12.0,1.0,1.0,4.0,4.0,0.0,13.0,3.25,5.0,13.0,9.0,0.0,2.0,-6.754995172501456e-17,0.020711560438442897,0.03725228465576076,0.0849096256573838,0.15043231891621417,0.1943385911113885
hard/002/756,hard,0.5541666666666667,0.4458333333333333,0.0,10.0,10.0,100.0,28.0,72.0,0.72,35.0,2.5,1.0,4.0,4.0,8.0,16.0,1.0,1.0,11.0,4.543367346938775,1.0,10.0,7.0,6.0,4.0,4.0,0.0,13.0,3.25,5.0,16.0,6.0,0.0,1.0,9.40475120554673e-16,0.034597332841969274,0.05345307072000655,0.1465130785917832,0.23469023849279055,0.36405387607814016
hard/002/251,hard,0.19999999999999984,0.8000000000000002,0.0,10.0,10.0,100.0,22.0,78.0,0.78,31.0,2.8181818181818183,2.0,4.0,0.0,8.0,14.0,1.0,1.0,9.0,3.615702479338843,1.0,8.0,0.0,0.0,4.0,4.0,0.0,6.0,1.5,2.0,8.0,7.0,0.0,1.0,-7.987832860522384e-16,0.04179716368237665,0.1673490761855322,0.2657556357940822,0.37250501380518153,0.5537557450264433
hard/002/373,hard,0.19444444444444453,0.8055555555555555,0.0,10.0,10.0,100.0,38.0,62.0,0.62,53.0,2.789473684210526,1.0,4.0,2.0,9.0,27.0,1.0,1.0,13.0,5.199445983379501,1.0,7.0,3.0,5.0,4.0,4.0,0.0,7.0,1.75,3.0,9.0,10.0,0.0,1.0,-1.1608036140181664e-15,0.018199250809162792,0.039974490535999434,0.11874134298259538,0.18516409104710743,0.23076509757023045
hard/002/153,hard,0.4625,0.5375,0.0,10.0,10.0,100.0,23.0,77.0,0.77,31.0,2.6956521739130435,1.0,4.0,3.0,6.0,14.0,1.0,1.0,10.0,3.6294896030245747,1.0,7.0,6.0,6.0,4.0,4.0,0.0,5.0,1.25,2.0,7.0,7.0,0.0,1.0,3.493334036496298e-17,0.08148278738999244,0.12632973320287522,0.20282497582270864,0.31001873676039554,0.38075371441564854
hard/002/724,hard,0.22272727272727266,0.7772727272727273,0.0,10.0,10.0,100.0,39.0,61.0,0.61,55.0,2.8205128205128207,1.0,4.0,1.0,10.0,28.0,1.0,1.0,18.0,6.419460880999343,1.0,13.0,3.0,4.0,4.0,4.0,0.0,7.0,1.75,3.0,11.0,9.0,0.0,5.0,-5.28354790755874e-16,0.009452872030019354,0.03292467536790529,0.08780905436180228,0.16177084502829964,0.28081010946867574
hard/002/257,hard,0.17857142857142871,0.8214285714285713,0.0,10.0,10.0,100.0,30.0,70.0,0.7,41.0,2.7333333333333334,2.0,4.0,0.0,9.0,21.0,1.0,1.0,17.0,6.166666666666667,1.0,17.0,3.0,4.0,4.0,4.0,0.0,13.0,3.25,6.0,14.0,5.0,0.0,1.0,-4.088753421949103e-16,0.00981905730603895,0.06328619342042624,0.12725606349908702,0.21632922651397543,0.33447428633449744
hard/002/594,hard,0.17500000000000016,0.8249999999999998,0.0,10.0,10.0,100.0,39.0,61.0,0.61,55.0,2.8205128205128207,1.0,4.0,1.0,11.0,27.0,1.0,1.0,14.0,5.29388560157791,1.0,10.0,1.0,1.0,4.0,4.0,0.0,15.0,3.75,5.0,16.0,9.0,0.0,2.0,1.218508506112377e-16,0.01689090038540178,0.06905122251809825,0.08037567993911932,0.13524882800919055,0.2463765771630228
hard/002/668,hard,0.18999999999999984,0.8100000000000002,0.0,10.0,10.0,100.0,22.0,78.0,0.78,31.0,2.8181818181818183,1.0,4.0,2.0,4.0,16.0,1.0,1.0,9.0,3.524793388429752,1.0,7.0,2.0,2.0,4.0,4.0,0.0,7.0,1.75,3.0,10.0,3.0,0.0,2.0,1.701805555082507e-17,0.05501333547915967,0.20054420751666896,0.24161017395675286,0.41420828058721,0.5642773397767287
hard/002/973,hard,0.10128205128205126,0.8987179487179487,0.6666666666666666,10.0,10.0,100.0,35.0,65.0,0.65,44.0,2.5142857142857142,1.0,4.0,3.0,15.0,17.0,1.0,1.0,19.0,7.173877551020408,1.0,15.0,10.0,11.0,4.0,4.0,0.0,7.0,1.75,2.0,13.0,10.0,0.0,1.0,9.888372777741375e-16,0.006408948371881266,0.06741243783349808,0.12494262583780917,0.1837556375418153,0.20105866625578064
hard/002/10,hard,0.18333333333333346,0.8166666666666665,0.0,10.0,10.0,100.0,26.0,74.0,0.74,36.0,2.769230769230769,1.0,4.0,2.0,3.0,21.0,1.0,1.0,14.0,4.6982248520710055,1.0,14.0,2.0,2.0,4.0,4.0,0.0,9.0,2.25,4.0,12.0,4.0,0.0,1.0,-2.8765075174537725e-16,0.024969282611783213,0.0877237403239098,0.20742945514663808,0.3083489060039666,0.48103613095626335
hard/002/176,hard,0.0,1.0,1.0,10.0,10.0,100.0,23.0,77.0,0.77,31.0,2.6956521739130435,1.0,4.0,1.0,10.0,12.0,1.0,1.0,10.0,3.947069943289225,1.0,8.0,4.0,5.0,4.0,4.0,0.0,4.0,1.0,1.0,9.0,9.0,0.0,1.0,-1.2309803684215994e-16,0.02944145638226532,0.15496924222964084,0.27098941730352777,0.3133556089359152,0.4219432216394006
hard/002/802,hard,0.2300000000000001,0.7699999999999999,0.0,10.0,10.0,100.0,38.0,62.0,0.62,55.0,2.8947368421052633,1.0,4.0,2.0,10.0,26.0,1.0,1.0,14.0,5.4390581717451525,1.0,12.0,3.0,4.0,4.0,4.0,0.0,9.0,2.25,3.0,15.0,10.0,0.0,1.0,1.502014978553686e-16,0.013281529816941005,0.05056278736201307,0.20697659898597856,0.21459467407259397,0.23607418677888356
hard/002/478,hard,0.25,0.75,0.0,10.0,10.0,100.0,27.0,73.0,0.73,38.0,2.814814814814815,1.0,4.0,2.0,6.0,19.0,1.0,1.0,11.0,4.131687242798354,1.0,9.0,2.0,2.0,4.0,4.0,0.0,6.0,1.5,2.0,8.0,7.0,0.0,2.0,2.522384006613552e-16,0.03142098126013896,0.12801501358526668,0.17190783139503768,0.3091120756979004,0.4416019707494976
hard/002/360,hard,0.25,0.75,0.0,10.0,10.0,100.0,21.0,79.0,0.79,29.0,2.761904761904762,1.0,4.0,1.0,7.0,13.0,1.0,1.0,10.0,3.6281179138321997,1.0,9.0,3.0,4.0,4.0,4.0,0.0,5.0,1.25,2.0,6.0,7.0,0.0,1.0,2.0382605244601068e-16,0.039289275624312454,0.15383750256719805,0.33147988035290454,0.4473964667051534,0.5175050329983519
hard/002/815,hard,0.3291666666666666,0.6708333333333334,0.0,10.0,10.0,100.0,25.0,75.0,0.75,33.0,2.64,1.0,4.0,2.0,8.0,15.0,1.0,1.0,13.0,4.736,1.0,11.0,5.0,4.0,4.0,4.0,0.0,7.0,1.75,3.0,8.0,7.0,0.0,1.0,-1.4611431292697006e-16,0.02628293804806792,0.07111332937472535,0.19542224791548152,0.3180721240271785,0.4939858570860024
hard/002/271,hard,0.45999999999999996,0.54,0.0,10.0,10.0,100.0,30.0,70.0,0.7,41.0,2.7333333333333334,1.0,4.0,1.0,11.0,18.0,1.0,1.0,13.0,4.6177777777777775,1.0,12.0,3.0,4.0,4.0,4.0,0.0,8.0,2.0,3.0,10.0,9.0,0.0,2.0,-1.4797516876166644e-18,0.01907453103517215,0.0980045438616916,0.1761073992593279,0.2228811529941376,0.2806251560762781
hard/002/639,hard,0.37837301587301597,0.621626984126984,0.0,10.0,10.0,100.0,33.0,67.0,0.67,46.0,2.787878787878788,1.0,4.0,3.0,8.0,22.0,1.0,1.0,14.0,5.142332415059688,1.0,11.0,5.0,6.0,4.0,4.0,0.0,9.0,2.25,3.0,21.0,7.0,0.0,1.0,1.9596652795988633e-16,0.019977732245377654,0.11455110008162851,0.15547907443683853,0.1752258755464738,0.2432728949835805
hard/002/676,hard,0.0,1.0,1.0,10.0,10.0,100.0,20.0,80.0,0.8,26.0,2.6,1.0,4.0,2.0,7.0,11.0,1.0,1.0,11.0,3.965,1.0,10.0,6.0,5.0,4.0,4.0,0.0,4.0,1.0,1.0,7.0,5.0,0.0,1.0,-3.12827251054249e-16,0.03422971402013701,0.15940784556504445,0.3052803038142986,0.37695497891849333,0.542893548285019
hard/002/514,hard,0.4,0.6,0.0,10.0,10.0,100.0,36.0,64.0,0.64,49.0,2.7222222222222223,1.0,4.0,3.0,8.0,25.0,1.0,1.0,18.0,6.416666666666667,1.0,11.0,7.0,8.0,4.0,4.0,0.0,8.0,2.0,3.0,8.0,6.0,0.0,1.0,-1.4045343831519904e-16,0.009546714730498123,0.04768015734524822,0.11167739658401166,0.18705672637208762,0.24408687470571436
hard/002/253,hard,0.2886904761904763,0.7113095238095237,0.0,10.0,10.0,100.0,33.0,67.0,0.67,45.0,2.727272727272727,1.0,4.0,3.0,9.0,21.0,1.0,1.0,11.0,4.525252525252525,1.0,10.0,3.0,3.0,4.0,4.0,0.0,7.0,1.75,2.0,14.0,9.0,0.0,1.0,1.251642291173623e-15,0.028988175304930128,0.08586396955159559,0.1301657778940653,0.18445288087497858,0.33592535996772416
hard/002/507,hard,0.1976851851851853,0.8023148148148147,0.0,10.0,10.0,100.0,38.0,62.0,0.62,53.0,2.789473684210526,1.0,4.0,4.0,6.0,28.0,1.0,1.0,17.0,6.015235457063712,1.0,9.0,4.0,4.0,4.0,4.0,0.0,11.0,2.75,5.0,18.0,9.0,0.0,1.0,-1.4709732526488332e-16,0.01344188652431465,0.05155341226605742,0.11608580096277656,0.16233591244139697,0.26152092311961217
hard/002/683,hard,0.25909090909090915,0.7409090909090909,0.0,10.0,10.0,100.0,32.0,68.0,0.68,39.0,2.4375,1.0,4.0,4.0,11.0,17.0,1.0,1.0,20.0,6.943359375,1.0,20.0,11.0,13.0,4.0,4.0,0.0,11.0,2.75,3.0,11.0,8.0,0.0,1.0,5.967695062815012e-17,0.008903865574766275,0.02825584372523159,0.11176798661729122,0.17806055649116187,0.267294221883067
hard/002/471,hard,0.3615384615384617,0.6384615384615383,0.0,10.0,10.0,100.0,24.0,76.0,0.76,31.0,2.5833333333333335,1.0,4.0,3.0,6.0,15.0,1.0,1.0,12.0,4.451388888888889,1.0,11.0,6.0,5.0,4.0,4.0,0.0,5.0,1.25,2.0,13.0,7.0,0.0,1.0,-5.891619991370973e-17,0.03018278693772375,0.07764287889843086,0.19507381082955422,0.39908993826463507,0.4242812542959292
hard/002/24,hard,0.275925925925926,0.724074074074074,0.0,10.0,10.0,100.0,43.0,57.0,0.57,60.0,2.7906976744186047,1.0,4.0,2.0,13.0,28.0,1.0,1.0,20.0,7.355327203893997,1.0,19.0,7.0,7.0,4.0,4.0,0.0,9.0,2.25,4.0,9.0,12.0,0.0,1.0,-4.724188856993934e-17,0.006804766452156457,0.03732569878168756,0.07485538180812983,0.1623108376880524,0.20152190732248323
hard/002/868,hard,0.45606060606060617,0.5439393939393938,0.0,10.0,10.0,100.0,23.0,77.0,0.77,32.0,2.782608695652174,2.0,4.0,0.0,8.0,15.0,1.0,1.0,10.0,3.659735349716446,1.0,7.0,0.0,0.0,4.0,4.0,0.0,9.0,2.25,3.0,11.0,4.0,0.0,1.0,1.3567866539463162e-16,0.05311084375467468,0.16387041467796704,0.19719704769802418,0.3755198817401689,0.4797422000405648
hard/002/21,hard,0.40222222222222215,0.5977777777777779,0.0,10.0,10.0,100.0,39.0,61.0,0.61,53.0,2.717948717948718,2.0,4.0,0.0,15.0,24.0,1.0,1.0,14.0,5.328073635765944,1.0,9.0,0.0,1.0,4.0,4.0,0.0,10.0,2.5,5.0,15.0,9.0,0.0,2.0,-5.563819131488795e-16,0.025502237517301067,0.03820595400489842,0.08816179673441742,0.17176642080778426,0.21621724735511647
hard/002/401,hard,0.38888888888888895,0.611111111111111,0.0,10.0,10.0,100.0,28.0,72.0,0.72,38.0,2.7142857142857144,1.0,4.0,5.0,5.0,18.0,1.0,1.0,11.0,4.252551020408164,1.0,11.0,7.0,5.0,4.0,4.0,0.0,7.0,1.75,3.0,9.0,9.0,0.0,1.0,9.310069829636624e-17,0.035088596830902326,0.09726685700046563,0.1592914979238094,0.31912548860687817,0.3898503417880439
