level_id,tier,difficulty,mean_reward,solved_frac
unfiltered/316/206,unfiltered,0.28541666666666676,0.7145833333333332,0.0
unfiltered/316/610,unfiltered,0.0,1.0,1.0
unfiltered/316/697,unfiltered,0.0,1.0,1.0
unfiltered/316/307,unfiltered,0.0,1.0,1.0
medium/168/413,medium,0.0,1.0,1.0
medium/168/393,medium,0.4766666666666667,0.5233333333333333,0.0
medium/168/995,medium,0.2380952380952378,0.7619047619047622,0.0
hard/002/275,hard,0.523076923076923,0.47692307692307695,0.0
hard/002/363,hard,0.6155555555555556,0.3844444444444444,0.0
hard/002/668,hard,0.23833333333333329,0.7616666666666667,0.0
unfiltered/316/449,unfiltered,0.0,1.0,1.0
unfiltered/316/200,unfiltered,0.23333333333333306,0.7666666666666669,0.0
unfiltered/316/393,unfiltered,0.0,1.0,1.0
medium/168/574,medium,0.5479166666666666,0.4520833333333334,0.0
medium/168/962,medium,0.22499999999999976,0.7750000000000002,0.0
medium/168/39,medium,0.40357142857142847,0.5964285714285715,0.0
medium/168/365,medium,0.2849206349206348,0.7150793650793652,0.0
hard/002/645,hard,0.257142857142857,0.742857142857143,0.0
hard/002/522,hard,0.22857142857142831,0.7714285714285717,0.0
hard/002/676,hard,0.26190476190476175,0.7380952380952382,0.0
unfiltered/316/811,unfiltered,0.0,1.0,1.0
unfiltered/316/101,unfiltered,0.12083333333333324,0.8791666666666668,0.5833333333333334
unfiltered/316/103,unfiltered,0.27222222222222214,0.7277777777777779,0.0
medium/168/88,medium,0.19999999999999984,0.8000000000000002,0.08333333333333333
medium/168/888,medium,0.3765432098765431,0.6234567901234569,0.0
medium/168/515,medium,0.2666666666666666,0.7333333333333334,0.0
medium/168/586,medium,0.0888888888888889,0.9111111111111111,0.5833333333333334
hard/002/582,hard,0.28749999999999976,0.7125000000000002,0.0
hard/002/855,hard,0.21851851851851833,0.7814814814814817,0.0
hard/002/514,hard,0.49375,0.50625,0.0
unfiltered/316/183,unfiltered,0.0,1.0,1.0
unfiltered/316/290,unfiltered,0.0,1.0,1.0
unfiltered/316/134,unfiltered,0.0,1.0,1.0
medium/168/835,medium,0.3027777777777777,0.6972222222222223,0.0
medium/168/481,medium,0.47444444444444434,0.5255555555555557,0.0
medium/168/100,medium,0.39523809523809517,0.6047619047619048,0.0
medium/168/833,medium,0.5773809523809523,0.42261904761904767,0.0
hard/002/849,hard,0.36944444444444435,0.6305555555555556,0.0
hard/002/269,hard,0.2487179487179486,0.7512820512820514,0.0
hard/002/253,hard,0.2583333333333332,0.7416666666666668,0.0
unfiltered/316/853,unfiltered,0.0,1.0,1.0
unfiltered/316/882,unfiltered,0.0,1.0,1.0
unfiltered/316/682,unfiltered,0.23124999999999984,0.7687500000000002,0.08333333333333333
medium/168/313,medium,0.27361111111111114,0.7263888888888889,0.0
medium/168/106,medium,0.5955555555555554,0.40444444444444455,0.0
medium/168/937,medium,0.22111111111111093,0.7788888888888891,0.0
medium/168/83,medium,0.0,1.0,1.0
hard/002/567,hard,0.27,0.73,0.0
hard/002/756,hard,0.9979166666666667,0.0020833333333333333,0.0
hard/002/507,hard,0.30740740740740735,0.6925925925925926,0.0
unfiltered/316/897,unfiltered,0.0,1.0,1.0
unfiltered/316/519,unfiltered,0.0,1.0,1.0
unfiltered/316/810,unfiltered,0.25357142857142845,0.7464285714285716,0.0
medium/168/667,medium,0.3033333333333331,0.6966666666666669,0.0
medium/168/886,medium,0.23833333333333329,0.7616666666666667,0.0
medium/168/601,medium,0.5825,0.41750000000000004,0.0
medium/168/462,medium,0.2307692307692305,0.7692307692307695,0.0
hard/002/787,hard,0.31999999999999995,0.68,0.0
hard/002/251,hard,0.2499999999999999,0.7500000000000001,0.0
hard/002/683,hard,0.412121212121212,0.587878787878788,0.0
unfiltered/316/707,unfiltered,0.0,1.0,1.0
unfiltered/316/598,unfiltered,0.0,1.0,1.0
unfiltered/316/391,unfiltered,0.23235294117647032,0.7676470588235297,0.0
medium/168/889,medium,0.49102564102564095,0.508974358974359,0.0
medium/168/994,medium,0.1777777777777776,0.8222222222222224,0.16666666666666666
medium/168/33,medium,0.2437499999999999,0.7562500000000001,0.0
medium/168/359,medium,0.2533333333333333,0.7466666666666667,0.0
hard/002/854,hard,0.4346153846153846,0.5653846153846154,0.0
hard/002/373,hard,0.2518518518518519,0.7481481481481481,0.0
hard/002/471,hard,0.32307692307692293,0.6769230769230771,0.0
unfiltered/316/812,unfiltered,0.0,1.0,1.0
unfiltered/316/972,unfiltered,0.23333333333333328,0.7666666666666667,0.08333333333333333
unfiltered/316/337,unfiltered,0.0,1.0,1.0
medium/168/189,medium,0.29333333333333333,0.7066666666666667,0.0
medium/168/684,medium,0.3231481481481481,0.6768518518518519,0.0
medium/168/272,medium,0.23999999999999988,0.7600000000000001,0.0
medium/168/632,medium,0.275,0.725,0.0
hard/002/834,hard,0.22444444444444434,0.7755555555555557,0.0
hard/002/153,hard,0.22857142857142831,0.7714285714285717,0.0
hard/002/24,hard,0.24259259259259236,0.7574074074074076,0.0
unfiltered/316/832,unfiltered,0.22666666666666657,0.7733333333333334,0.0
unfiltered/316/921,unfiltered,0.0,1.0,1.0
unfiltered/316/424,unfiltered,0.2909090909090909,0.7090909090909091,0.0
medium/168/158,medium,0.0,1.0,1.0
medium/168/175,medium,0.24285714285714277,0.7571428571428572,0.0
medium/168/775,medium,0.7703703703703704,0.22962962962962963,0.16666666666666666
medium/168/487,medium,0.3355555555555554,0.6644444444444446,0.0
hard/002/659,hard,0.222222222222222,0.777777777777778,0.0
hard/002/724,hard,0.36969696969696964,0.6303030303030304,0.0
hard/002/868,hard,0.3636363636363634,0.6363636363636366,0.0
unfiltered/316/684,unfiltered,0.0,1.0,1.0
unfiltered/316/605,unfiltered,0.07777777777777761,0.9222222222222224,0.6666666666666666
unfiltered/316/77,unfiltered,0.0,1.0,1.0
medium/168/986,medium,0.31999999999999995,0.68,0.0
medium/168/66,medium,0.036666666666666625,0.9633333333333334,0.8333333333333334
medium/168/572,medium,0.6047619047619046,0.39523809523809533,0.0
medium/168/376,medium,0.21538461538461517,0.7846153846153848,0.0
hard/002/722,hard,0.222222222222222,0.777777777777778,0.0
hard/002/257,hard,0.26071428571428557,0.7392857142857144,0.0
hard/002/21,hard,0.38555555555555554,0.6144444444444445,0.0
unfiltered/316/94,unfiltered,0.0,1.0,1.0
unfiltered/316/719,unfiltered,0.22499999999999976,0.7750000000000002,0.0
unfiltered/316/345,unfiltered,0.0,1.0,1.0
medium/168/128,medium,0.26388888888888873,0.7361111111111113,0.0
medium/168/875,medium,0.23518518518518494,0.7648148148148151,0.0
medium/168/929,medium,0.2702380952380953,0.7297619047619047,0.0
medium/168/379,medium,0.23541666666666672,0.7645833333333333,0.0
hard/002/226,hard,0.019230769230769162,0.9807692307692308,0.9166666666666666
hard/002/594,hard,0.22187499999999982,0.7781250000000002,0.0
hard/002/401,hard,0.222222222222222,0.777777777777778,0.0
unfiltered/316/340,unfiltered,0.0,1.0,1.0
unfiltered/316/818,unfiltered,0.0,1.0,1.0
unfiltered/316/587,unfiltered,0.2857142857142856,0.7142857142857144,0.0
unfiltered/316/447,unfiltered,0.21041666666666636,0.7895833333333336,0.08333333333333333
medium/168/21,medium,0.0,1.0,1.0
medium/168/304,medium,0.3740740740740741,0.6259259259259259,0.0
medium/168/290,medium,0.2799999999999999,0.7200000000000001,0.0
hard/002/637,hard,0.2380952380952378,0.7619047619047622,0.0
hard/002/541,hard,0.09215686274509804,0.907843137254902,0.5833333333333334
hard/002/973,hard,0.0,1.0,1.0
unfiltered/316/335,unfiltered,0.22857142857142831,0.7714285714285717,0.0
unfiltered/316/456,unfiltered,0.2424242424242422,0.7575757575757578,0.0
unfiltered/316/715,unfiltered,0.0,1.0,1.0
unfiltered/316/999,unfiltered,0.21999999999999986,0.7800000000000001,0.0
medium/168/500,medium,0.33999999999999986,0.6600000000000001,0.0
medium/168/319,medium,0.4700000000000001,0.5299999999999999,0.0
medium/168/308,medium,0.23823529411764677,0.7617647058823532,0.0
hard/002/778,hard,0.2921568627450979,0.7078431372549021,0.0
hard/002/355,hard,0.23333333333333306,0.7666666666666669,0.0
hard/002/10,hard,0.22361111111111098,0.776388888888889,0.0
unfiltered/316/16,unfiltered,0.0,1.0,1.0
unfiltered/316/699,unfiltered,0.2833333333333332,0.7166666666666668,0.0
unfiltered/316/931,unfiltered,0.0,1.0,1.0
unfiltered/316/640,unfiltered,0.0,1.0,1.0
medium/168/992,medium,0.5460784313725489,0.4539215686274511,0.0
medium/168/639,medium,0.2318181818181816,0.7681818181818184,0.0
medium/168/469,medium,0.28749999999999976,0.7125000000000002,0.0
hard/002/379,hard,0.2666666666666666,0.7333333333333334,0.0
hard/002/94,hard,0.22499999999999976,0.7750000000000002,0.0
hard/002/176,hard,0.21851851851851833,0.7814814814814817,0.16666666666666666
unfiltered/316/505,unfiltered,0.0,1.0,1.0
unfiltered/316/353,unfiltered,0.0,1.0,1.0
unfiltered/316/629,unfiltered,0.21538461538461517,0.7846153846153848,0.0
unfiltered/316/4,unfiltered,0.23999999999999988,0.7600000000000001,0.0
medium/168/480,medium,0.0,1.0,1.0
medium/168/488,medium,0.22857142857142831,0.7714285714285717,0.0
medium/168/204,medium,0.21538461538461517,0.7846153846153848,0.0
hard/002/874,hard,0.2309523809523807,0.7690476190476193,0.0
hard/002/354,hard,0.26041666666666663,0.7395833333333334,0.0
hard/002/802,hard,0.2744444444444444,0.7255555555555556,0.08333333333333333
unfiltered/316/886,unfiltered,0.15208333333333324,0.8479166666666668,0.4166666666666667
unfiltered/316/154,unfiltered,0.0,1.0,1.0
unfiltered/316/18,unfiltered,0.0,1.0,1.0
unfiltered/316/318,unfiltered,0.13974358974358958,0.8602564102564104,0.4166666666666667
medium/168/521,medium,0.28888888888888875,0.7111111111111112,0.0
medium/168/395,medium,0.34999999999999976,0.6500000000000002,0.0
medium/168/808,medium,0.238235294117647,0.761764705882353,0.0
hard/002/96,hard,0.5267857142857144,0.47321428571428564,0.0
hard/002/43,hard,0.436111111111111,0.563888888888889,0.0
hard/002/478,hard,0.4625,0.5375,0.0
unfiltered/316/83,unfiltered,0.21458333333333313,0.7854166666666669,0.08333333333333333
unfiltered/316/490,unfiltered,0.2188888888888888,0.7811111111111112,0.0
unfiltered/316/61,unfiltered,0.2679487179487179,0.7320512820512821,0.0
unfiltered/316/68,unfiltered,0.22499999999999976,0.7750000000000002,0.0
medium/168/961,medium,0.5999999999999999,0.4000000000000001,0.0
medium/168/980,medium,0.3027777777777777,0.6972222222222223,0.0
medium/168/528,medium,0.6484848484848484,0.35151515151515156,0.0
hard/002/572,hard,0.25769230769230766,0.7423076923076923,0.0
hard/002/577,hard,0.22499999999999976,0.7750000000000002,0.0
hard/002/360,hard,0.31666666666666676,0.6833333333333332,0.0
unfiltered/316/440,unfiltered,0.0,1.0,1.0
unfiltered/316/513,unfiltered,0.12962962962962943,0.8703703703703706,0.4166666666666667
unfiltered/316/675,unfiltered,0.45238095238095233,0.5476190476190477,0.0
unfiltered/316/998,unfiltered,0.0,1.0,1.0
medium/168/201,medium,0.4766666666666667,0.5233333333333333,0.0
medium/168/400,medium,0.222222222222222,0.777777777777778,0.0
medium/168/398,medium,0.30714285714285705,0.692857142857143,0.0
hard/002/665,hard,0.5547619047619046,0.4452380952380954,0.0
hard/002/20,hard,0.31666666666666654,0.6833333333333335,0.0
hard/002/815,hard,0.25,0.75,0.0
unfiltered/316/674,unfiltered,0.0,1.0,1.0
unfiltered/316/130,unfiltered,0.0,1.0,1.0
unfiltered/316/298,unfiltered,0.0,1.0,1.0
unfiltered/316/462,unfiltered,0.0,1.0,1.0
medium/168/146,medium,0.311111111111111,0.688888888888889,0.0
medium/168/494,medium,0.23333333333333306,0.7666666666666669,0.0
medium/168/548,medium,0.446153846153846,0.553846153846154,0.0
hard/002/385,hard,0.25384615384615383,0.7461538461538462,0.0
hard/002/663,hard,0.2958333333333333,0.7041666666666667,0.0
hard/002/271,hard,0.4833333333333333,0.5166666666666667,0.0
unfiltered/316/720,unfiltered,0.0,1.0,1.0
unfiltered/316/133,unfiltered,0.0,1.0,1.0
unfiltered/316/842,unfiltered,0.0,1.0,1.0
unfiltered/316/632,unfiltered,0.13571428571428568,0.8642857142857143,0.5833333333333334
medium/168/593,medium,0.275,0.725,0.0
medium/168/712,medium,0.43787878787878787,0.5621212121212121,0.0
medium/168/79,medium,0.23999999999999988,0.7600000000000001,0.0
hard/002/222,hard,0.22166666666666668,0.7783333333333333,0.0
hard/002/76,hard,0.45000000000000007,0.5499999999999999,0.0
hard/002/639,hard,0.33412698412698405,0.665873015873016,0.0
