task,grid_seed,mean_difficulty,std_difficulty,grid_height,grid_width,grid_area,graph_num_free_cells,graph_num_wall_cells,graph_wall_fraction,graph_num_edges,graph_num_components,graph_largest_component_frac,graph_mean_degree,graph_min_degree,graph_max_degree,graph_num_deadends,graph_num_corridor_cells,graph_num_branch_cells,graph_diameter,graph_mean_pair_distance,graph_start_reachable_frac,graph_start_eccentricity,graph_num_markers,spectral_lambda_0,spectral_lambda_1,spectral_lambda_2,spectral_lambda_3,spectral_lambda_4,spectral_lambda_5,reward_pick_markers,reward_put_markers,reward_reach_goal,reward_visit_cells,reward_sparse,reward_crash_penalty_used
CleanHouse,0,0.6515151515151515,0.41466461161830337,14.0,22.0,308.0,160.0,148.0,0.4805194805194805,235.0,1.0,1.0,2.9375,1.0,4.0,3.0,37.0,120.0,37.0,14.224609375,1.0,23.0,308.0,2.7921763479880207e-16,0.001766529099016193,0.003902293048701797,0.005209733141318984,0.005709775159054869,0.015121397568982616,1.0,0.0,0.0,0.0,0.0,1.0
CleanHouse,1,0.49999999999999994,0.37390795997736576,14.0,22.0,308.0,160.0,148.0,0.4805194805194805,235.0,1.0,1.0,2.9375,1.0,4.0,3.0,37.0,120.0,37.0,14.224609375,1.0,23.0,308.0,2.7921763479880207e-16,0.001766529099016193,0.003902293048701797,0.005209733141318984,0.005709775159054869,0.015121397568982616,1.0,0.0,0.0,0.0,0.0,1.0
CleanHouse,2,0.7954545454545454,0.3638730290461464,14.0,22.0,308.0,160.0,148.0,0.4805194805194805,235.0,1.0,1.0,2.9375,1.0,4.0,3.0,37.0,120.0,37.0,14.224609375,1.0,23.0,308.0,2.7921763479880207e-16,0.001766529099016193,0.003902293048701797,0.005209733141318984,0.005709775159054869,0.015121397568982616,1.0,0.0,0.0,0.0,0.0,1.0
CleanHouse,3,0.7045454545454545,0.41348648633318763,14.0,22.0,308.0,160.0,148.0,0.4805194805194805,235.0,1.0,1.0,2.9375,1.0,4.0,3.0,37.0,120.0,37.0,14.224609375,1.0,23.0,308.0,2.7921763479880207e-16,0.001766529099016193,0.003902293048701797,0.005209733141318984,0.005709775159054869,0.015121397568982616,1.0,0.0,0.0,0.0,0.0,1.0
CleanHouse,4,0.5833333333333333,0.4476112499006803,14.0,22.0,308.0,160.0,148.0,0.4805194805194805,235.0,1.0,1.0,2.9375,1.0,4.0,3.0,37.0,120.0,37.0,14.224609375,1.0,23.0,308.0,2.7921763479880207e-16,0.001766529099016193,0.003902293048701797,0.005209733141318984,0.005709775159054869,0.015121397568982616,1.0,0.0,0.0,0.0,0.0,1.0
CleanHouse,5,0.8636363636363634,0.2637408361443821,14.0,22.0,308.0,160.0,148.0,0.4805194805194805,235.0,1.0,1.0,2.9375,1.0,4.0,3.0,37.0,120.0,37.0,14.224609375,1.0,23.0,308.0,2.7921763479880207e-16,0.001766529099016193,0.003902293048701797,0.005209733141318984,0.005709775159054869,0.015121397568982616,1.0,0.0,0.0,0.0,0.0,1.0
CleanHouse,6,0.5378787878787877,0.4773929622481259,14.0,22.0,308.0,160.0,148.0,0.4805194805194805,235.0,1.0,1.0,2.9375,1.0,4.0,3.0,37.0,120.0,37.0,14.224609375,1.0,23.0,308.0,2.7921763479880207e-16,0.001766529099016193,0.003902293048701797,0.005209733141318984,0.005709775159054869,0.015121397568982616,1.0,0.0,0.0,0.0,0.0,1.0
CleanHouse,7,0.34848484848484834,0.41132945334843124,14.0,22.0,308.0,160.0,148.0,0.4805194805194805,235.0,1.0,1.0,2.9375,1.0,4.0,3.0,37.0,120.0,37.0,14.224609375,1.0,23.0,308.0,2.7921763479880207e-16,0.001766529099016193,0.003902293048701797,0.005209733141318984,0.005709775159054869,0.015121397568982616,1.0,0.0,0.0,0.0,0.0,1.0
CleanHouse,8,0.7196969696969697,0.4173548036617976,14.0,22.0,308.0,160.0,148.0,0.4805194805194805,235.0,1.0,1.0,2.9375,1.0,4.0,3.0,37.0,120.0,37.0,14.224609375,1.0,23.0,308.0,2.7921763479880207e-16,0.001766529099016193,0.003902293048701797,0.005209733141318984,0.005709775159054869,0.015121397568982616,1.0,0.0,0.0,0.0,0.0,1.0
CleanHouse,9,0.8333333333333335,0.2918387921857307,14.0,22.0,308.0,160.0,148.0,0.4805194805194805,235.0,1.0,1.0,2.9375,1.0,4.0,3.0,37.0,120.0,37.0,14.224609375,1.0,23.0,308.0,2.7921763479880207e-16,0.001766529099016193,0.003902293048701797,0.005209733141318984,0.005709775159054869,0.015121397568982616,1.0,0.0,0.0,0.0,0.0,1.0
CleanHouse,10,0.3712121212121211,0.3811291281244021,14.0,22.0,308.0,160.0,148.0,0.4805194805194805,235.0,1.0,1.0,2.9375,1.0,4.0,3.0,37.0,120.0,37.0,14.224609375,1.0,23.0,308.0,2.7921763479880207e-16,0.001766529099016193,0.003902293048701797,0.005209733141318984,0.005709775159054869,0.015121397568982616,1.0,0.0,0.0,0.0,0.0,1.0
CleanHouse,11,0.5075757575757575,0.44761124990068035,14.0,22.0,308.0,160.0,148.0,0.4805194805194805,235.0,1.0,1.0,2.9375,1.0,4.0,3.0,37.0,120.0,37.0,14.224609375,1.0,23.0,308.0,2.7921763479880207e-16,0.001766529099016193,0.003902293048701797,0.005209733141318984,0.005709775159054869,0.015121397568982616,1.0,0.0,0.0,0.0,0.0,1.0
CleanHouse,12,0.5378787878787878,0.4335425432674091,14.0,22.0,308.0,160.0,148.0,0.4805194805194805,235.0,1.0,1.0,2.9375,1.0,4.0,3.0,37.0,120.0,37.0,14.224609375,1.0,23.0,308.0,2.7921763479880207e-16,0.001766529099016193,0.003902293048701797,0.005209733141318984,0.005709775159054869,0.015121397568982616,1.0,0.0,0.0,0.0,0.0,1.0
CleanHouse,13,0.21212121212121202,0.37175285292076665,14.0,22.0,308.0,160.0,148.0,0.4805194805194805,235.0,1.0,1.0,2.9375,1.0,4.0,3.0,37.0,120.0,37.0,14.224609375,1.0,23.0,308.0,2.7921763479880207e-16,0.001766529099016193,0.003902293048701797,0.005209733141318984,0.005709775159054869,0.015121397568982616,1.0,0.0,0.0,0.0,0.0,1.0
CleanHouse,14,0.4166666666666666,0.42390408586478134,14.0,22.0,308.0,160.0,148.0,0.4805194805194805,235.0,1.0,1.0,2.9375,1.0,4.0,3.0,37.0,120.0,37.0,14.224609375,1.0,23.0,308.0,2.7921763479880207e-16,0.001766529099016193,0.003902293048701797,0.005209733141318984,0.005709775159054869,0.015121397568982616,1.0,0.0,0.0,0.0,0.0,1.0
CleanHouse,15,0.5909090909090908,0.44147885710101425,14.0,22.0,308.0,160.0,148.0,0.4805194805194805,235.0,1.0,1.0,2.9375,1.0,4.0,3.0,37.0,120.0,37.0,14.224609375,1.0,23.0,308.0,2.7921763479880207e-16,0.001766529099016193,0.003902293048701797,0.005209733141318984,0.005709775159054869,0.015121397568982616,1.0,0.0,0.0,0.0,0.0,1.0
CleanHouse,16,0.5454545454545454,0.44844389657420436,14.0,22.0,308.0,160.0,148.0,0.4805194805194805,235.0,1.0,1.0,2.9375,1.0,4.0,3.0,37.0,120.0,37.0,14.224609375,1.0,23.0,308.0,2.7921763479880207e-16,0.001766529099016193,0.003902293048701797,0.005209733141318984,0.005709775159054869,0.015121397568982616,1.0,0.0,0.0,0.0,0.0,1.0
CleanHouse,17,0.6742424242424242,0.3847261795634735,14.0,22.0,308.0,160.0,148.0,0.4805194805194805,235.0,1.0,1.0,2.9375,1.0,4.0,3.0,37.0,120.0,37.0,14.224609375,1.0,23.0,308.0,2.7921763479880207e-16,0.001766529099016193,0.003902293048701797,0.005209733141318984,0.005709775159054869,0.015121397568982616,1.0,0.0,0.0,0.0,0.0,1.0
CleanHouse,18,0.6212121212121212,0.44664857493889937,14.0,22.0,308.0,160.0,148.0,0.4805194805194805,235.0,1.0,1.0,2.9375,1.0,4.0,3.0,37.0,120.0,37.0,14.224609375,1.0,23.0,308.0,2.7921763479880207e-16,0.001766529099016193,0.003902293048701797,0.005209733141318984,0.005709775159054869,0.015121397568982616,1.0,0.0,0.0,0.0,0.0,1.0
CleanHouse,19,0.3787878787878787,0.3871797678539588,14.0,22.0,308.0,160.0,148.0,0.4805194805194805,235.0,1.0,1.0,2.9375,1.0,4.0,3.0,37.0,120.0,37.0,14.224609375,1.0,23.0,308.0,2.7921763479880207e-16,0.001766529099016193,0.003902293048701797,0.005209733141318984,0.005709775159054869,0.015121397568982616,1.0,0.0,0.0,0.0,0.0,1.0
CleanHouse,20,0.6515151515151515,0.46181062588267197,14.0,22.0,308.0,160.0,148.0,0.4805194805194805,235.0,1.0,1.0,2.9375,1.0,4.0,3.0,37.0,120.0,37.0,14.224609375,1.0,23.0,308.0,2.7921763479880207e-16,0.001766529099016193,0.003902293048701797,0.005209733141318984,0.005709775159054869,0.015121397568982616,1.0,0.0,0.0,0.0,0.0,1.0
CleanHouse,21,0.4848484848484848,0.43965509480445186,14.0,22.0,308.0,160.0,148.0,0.4805194805194805,235.0,1.0,1.0,2.9375,1.0,4.0,3.0,37.0,120.0,37.0,14.224609375,1.0,23.0,308.0,2.7921763479880207e-16,0.001766529099016193,0.003902293048701797,0.005209733141318984,0.005709775159054869,0.015121397568982616,1.0,0.0,0.0,0.0,0.0,1.0
CleanHouse,22,0.49999999999999994,0.4628037681606445,14.0,22.0,308.0,160.0,148.0,0.4805194805194805,235.0,1.0,1.0,2.9375,1.0,4.0,3.0,37.0,120.0,37.0,14.224609375,1.0,23.0,308.0,2.7921763479880207e-16,0.001766529099016193,0.003902293048701797,0.005209733141318984,0.005709775159054869,0.015121397568982616,1.0,0.0,0.0,0.0,0.0,1.0
CleanHouse,23,0.7045454545454545,0.3619753731939483,14.0,22.0,308.0,160.0,148.0,0.4805194805194805,235.0,1.0,1.0,2.9375,1.0,4.0,3.0,37.0,120.0,37.0,14.224609375,1.0,23.0,308.0,2.7921763479880207e-16,0.001766529099016193,0.003902293048701797,0.005209733141318984,0.005709775159054869,0.015121397568982616,1.0,0.0,0.0,0.0,0.0,1.0
CleanHouse,24,0.5,0.4553024000399007,14.0,22.0,308.0,160.0,148.0,0.4805194805194805,235.0,1.0,1.0,2.9375,1.0,4.0,3.0,37.0,120.0,37.0,14.224609375,1.0,23.0,308.0,2.7921763479880207e-16,0.001766529099016193,0.003902293048701797,0.005209733141318984,0.005709775159054869,0.015121397568982616,1.0,0.0,0.0,0.0,0.0,1.0
CleanHouse,25,0.8863636363636362,0.2730427468324258,14.0,22.0,308.0,160.0,148.0,0.4805194805194805,235.0,1.0,1.0,2.9375,1.0,4.0,3.0,37.0,120.0,37.0,14.224609375,1.0,23.0,308.0,2.7921763479880207e-16,0.001766529099016193,0.003902293048701797,0.005209733141318984,0.005709775159054869,0.015121397568982616,1.0,0.0,0.0,0.0,0.0,1.0
CleanHouse,26,0.515151515151515,0.4138333419317475,14.0,22.0,308.0,160.0,148.0,0.4805194805194805,235.0,1.0,1.0,2.9375,1.0,4.0,3.0,37.0,120.0,37.0,14.224609375,1.0,23.0,308.0,2.7921763479880207e-16,0.001766529099016193,0.003902293048701797,0.005209733141318984,0.005709775159054869,0.015121397568982616,1.0,0.0,0.0,0.0,0.0,1.0
CleanHouse,27,0.6212121212121212,0.40796703084352315,14.0,22.0,308.0,160.0,148.0,0.4805194805194805,235.0,1.0,1.0,2.9375,1.0,4.0,3.0,37.0,120.0,37.0,14.224609375,1.0,23.0,308.0,2.7921763479880207e-16,0.001766529099016193,0.003902293048701797,0.005209733141318984,0.005709775159054869,0.015121397568982616,1.0,0.0,0.0,0.0,0.0,1.0
CleanHouse,28,0.6212121212121212,0.3836057242779444,14.0,22.0,308.0,160.0,148.0,0.4805194805194805,235.0,1.0,1.0,2.9375,1.0,4.0,3.0,37.0,120.0,37.0,14.224609375,1.0,23.0,308.0,2.7921763479880207e-16,0.001766529099016193,0.003902293048701797,0.005209733141318984,0.005709775159054869,0.015121397568982616,1.0,0.0,0.0,0.0,0.0,1.0
CleanHouse,29,0.7803030303030303,0.35686562767617824,14.0,22.0,308.0,160.0,148.0,0.4805194805194805,235.0,1.0,1.0,2.9375,1.0,4.0,3.0,37.0,120.0,37.0,14.224609375,1.0,23.0,308.0,2.7921763479880207e-16,0.001766529099016193,0.003902293048701797,0.005209733141318984,0.005709775159054869,0.015121397568982616,1.0,0.0,0.0,0.0,0.0,1.0
CleanHouse,30,0.5757575757575757,0.43808582711518074,14.0,22.0,308.0,160.0,148.0,0.4805194805194805,235.0,1.0,1.0,2.9375,1.0,4.0,3.0,37.0,120.0,37.0,14.224609375,1.0,23.0,308.0,2.7921763479880207e-16,0.001766529099016193,0.003902293048701797,0.005209733141318984,0.005709775159054869,0.015121397568982616,1.0,0.0,0.0,0.0,0.0,1.0
CleanHouse,31,0.5757575757575758,0.4138333419317475,14.0,22.0,308.0,160.0,148.0,0.4805194805194805,235.0,1.0,1.0,2.9375,1.0,4.0,3.0,37.0,120.0,37.0,14.224609375,1.0,23.0,308.0,2.7921763479880207e-16,0.001766529099016193,0.003902293048701797,0.005209733141318984,0.005709775159054869,0.015121397568982616,1.0,0.0,0.0,0.0,0.0,1.0
CleanHouse,32,0.6287878787878788,0.45067799144654086,14.0,22.0,308.0,160.0,148.0,0.4805194805194805,235.0,1.0,1.0,2.9375,1.0,4.0,3.0,37.0,120.0,37.0,14.224609375,1.0,23.0,308.0,2.7921763479880207e-16,0.001766529099016193,0.003902293048701797,0.005209733141318984,0.005709775159054869,0.015121397568982616,1.0,0.0,0.0,0.0,0.0,1.0
CleanHouse,33,0.6363636363636364,0.4545454545454546,14.0,22.0,308.0,160.0,148.0,0.4805194805194805,235.0,1.0,1.0,2.9375,1.0,4.0,3.0,37.0,120.0,37.0,14.224609375,1.0,23.0,308.0,2.7921763479880207e-16,0.001766529099016193,0.003902293048701797,0.005209733141318984,0.005709775159054869,0.015121397568982616,1.0,0.0,0.0,0.0,0.0,1.0
CleanHouse,34,0.4318181818181817,0.3912348888992533,14.0,22.0,308.0,160.0,148.0,0.4805194805194805,235.0,1.0,1.0,2.9375,1.0,4.0,3.0,37.0,120.0,37.0,14.224609375,1.0,23.0,308.0,2.7921763479880207e-16,0.001766529099016193,0.003902293048701797,0.005209733141318984,0.005709775159054869,0.015121397568982616,1.0,0.0,0.0,0.0,0.0,1.0
CleanHouse,35,0.3787878787878787,0.3836057242779444,14.0,22.0,308.0,160.0,148.0,0.4805194805194805,235.0,1.0,1.0,2.9375,1.0,4.0,3.0,37.0,120.0,37.0,14.224609375,1.0,23.0,308.0,2.7921763479880207e-16,0.001766529099016193,0.003902293048701797,0.005209733141318984,0.005709775159054869,0.015121397568982616,1.0,0.0,0.0,0.0,0.0,1.0
CleanHouse,36,0.5227272727272727,0.4184534690800448,14.0,22.0,308.0,160.0,148.0,0.4805194805194805,235.0,1.0,1.0,2.9375,1.0,4.0,3.0,37.0,120.0,37.0,14.224609375,1.0,23.0,308.0,2.7921763479880207e-16,0.001766529099016193,0.003902293048701797,0.005209733141318984,0.005709775159054869,0.015121397568982616,1.0,0.0,0.0,0.0,0.0,1.0
CleanHouse,37,0.8181818181818182,0.3105136595745333,14.0,22.0,308.0,160.0,148.0,0.4805194805194805,235.0,1.0,1.0,2.9375,1.0,4.0,3.0,37.0,120.0,37.0,14.224609375,1.0,23.0,308.0,2.7921763479880207e-16,0.001766529099016193,0.003902293048701797,0.005209733141318984,0.005709775159054869,0.015121397568982616,1.0,0.0,0.0,0.0,0.0,1.0
CleanHouse,38,0.5075757575757576,0.4582550646920187,14.0,22.0,308.0,160.0,148.0,0.4805194805194805,235.0,1.0,1.0,2.9375,1.0,4.0,3.0,37.0,120.0,37.0,14.224609375,1.0,23.0,308.0,2.7921763479880207e-16,0.001766529099016193,0.003902293048701797,0.005209733141318984,0.005709775159054869,0.015121397568982616,1.0,0.0,0.0,0.0,0.0,1.0
CleanHouse,39,0.7575757575757573,0.38806813560199094,14.0,22.0,308.0,160.0,148.0,0.4805194805194805,235.0,1.0,1.0,2.9375,1.0,4.0,3.0,37.0,120.0,37.0,14.224609375,1.0,23.0,308.0,2.7921763479880207e-16,0.001766529099016193,0.003902293048701797,0.005209733141318984,0.005709775159054869,0.015121397568982616,1.0,0.0,0.0,0.0,0.0,1.0
CleanHouse,40,0.5,0.45378724642036183,14.0,22.0,308.0,160.0,148.0,0.4805194805194805,235.0,1.0,1.0,2.9375,1.0,4.0,3.0,37.0,120.0,37.0,14.224609375,1.0,23.0,308.0,2.7921763479880207e-16,0.001766529099016193,0.003902293048701797,0.005209733141318984,0.005709775159054869,0.015121397568982616,1.0,0.0,0.0,0.0,0.0,1.0
CleanHouse,41,0.4318181818181817,0.453217757913516,14.0,22.0,308.0,160.0,148.0,0.4805194805194805,235.0,1.0,1.0,2.9375,1.0,4.0,3.0,37.0,120.0,37.0,14.224609375,1.0,23.0,308.0,2.7921763479880207e-16,0.001766529099016193,0.003902293048701797,0.005209733141318984,0.005709775159054869,0.015121397568982616,1.0,0.0,0.0,0.0,0.0,1.0
CleanHouse,42,0.4393939393939393,0.45125068520713435,14.0,22.0,308.0,160.0,148.0,0.4805194805194805,235.0,1.0,1.0,2.9375,1.0,4.0,3.0,37.0,120.0,37.0,14.224609375,1.0,23.0,308.0,2.7921763479880207e-16,0.001766529099016193,0.003902293048701797,0.005209733141318984,0.005709775159054869,0.015121397568982616,1.0,0.0,0.0,0.0,0.0,1.0
CleanHouse,43,0.5606060606060606,0.4404376319317769,14.0,22.0,308.0,160.0,148.0,0.4805194805194805,235.0,1.0,1.0,2.9375,1.0,4.0,3.0,37.0,120.0,37.0,14.224609375,1.0,23.0,308.0,2.7921763479880207e-16,0.001766529099016193,0.003902293048701797,0.005209733141318984,0.005709775159054869,0.015121397568982616,1.0,0.0,0.0,0.0,0.0,1.0
CleanHouse,44,0.6893939393939393,0.4005133299359487,14.0,22.0,308.0,160.0,148.0,0.4805194805194805,235.0,1.0,1.0,2.9375,1.0,4.0,3.0,37.0,120.0,37.0,14.224609375,1.0,23.0,308.0,2.7921763479880207e-16,0.001766529099016193,0.003902293048701797,0.005209733141318984,0.005709775159054869,0.015121397568982616,1.0,0.0,0.0,0.0,0.0,1.0
CleanHouse,45,0.8333333333333334,0.24850332525540497,14.0,22.0,308.0,160.0,148.0,0.4805194805194805,235.0,1.0,1.0,2.9375,1.0,4.0,3.0,37.0,120.0,37.0,14.224609375,1.0,23.0,308.0,2.7921763479880207e-16,0.001766529099016193,0.003902293048701797,0.005209733141318984,0.005709775159054869,0.015121397568982616,1.0,0.0,0.0,0.0,0.0,1.0
CleanHouse,46,0.8181818181818182,0.3674047167570347,14.0,22.0,308.0,160.0,148.0,0.4805194805194805,235.0,1.0,1.0,2.9375,1.0,4.0,3.0,37.0,120.0,37.0,14.224609375,1.0,23.0,308.0,2.7921763479880207e-16,0.001766529099016193,0.003902293048701797,0.005209733141318984,0.005709775159054869,0.015121397568982616,1.0,0.0,0.0,0.0,0.0,1.0
CleanHouse,47,0.4393939393939393,0.47937248544110245,14.0,22.0,308.0,160.0,148.0,0.4805194805194805,235.0,1.0,1.0,2.9375,1.0,4.0,3.0,37.0,120.0,37.0,14.224609375,1.0,23.0,308.0,2.7921763479880207e-16,0.001766529099016193,0.003902293048701797,0.005209733141318984,0.005709775159054869,0.015121397568982616,1.0,0.0,0.0,0.0,0.0,1.0
CleanHouse,48,0.6439393939393939,0.403937802629342,14.0,22.0,308.0,160.0,148.0,0.4805194805194805,235.0,1.0,1.0,2.9375,1.0,4.0,3.0,37.0,120.0,37.0,14.224609375,1.0,23.0,308.0,2.7921763479880207e-16,0.001766529099016193,0.003902293048701797,0.005209733141318984,0.005709775159054869,0.015121397568982616,1.0,0.0,0.0,0.0,0.0,1.0
CleanHouse,49,0.8333333333333334,0.3537156827251137,14.0,22.0,308.0,160.0,148.0,0.4805194805194805,235.0,1.0,1.0,2.9375,1.0,4.0,3.0,37.0,120.0,37.0,14.224609375,1.0,23.0,308.0,2.7921763479880207e-16,0.001766529099016193,0.003902293048701797,0.005209733141318984,0.005709775159054869,0.015121397568982616,1.0,0.0,0.0,0.0,0.0,1.0
CleanHouse,50,0.5984848484848484,0.4445233515812304,14.0,22.0,308.0,160.0,148.0,0.4805194805194805,235.0,1.0,1.0,2.9375,1.0,4.0,3.0,37.0,120.0,37.0,14.224609375,1.0,23.0,308.0,2.7921763479880207e-16,0.001766529099016193,0.003902293048701797,0.005209733141318984,0.005709775159054869,0.015121397568982616,1.0,0.0,0.0,0.0,0.0,1.0
CleanHouse,51,0.7272727272727272,0.4231587892051195,14.0,22.0,308.0,160.0,148.0,0.4805194805194805,235.0,1.0,1.0,2.9375,1.0,4.0,3.0,37.0,120.0,37.0,14.224609375,1.0,23.0,308.0,2.7921763479880207e-16,0.001766529099016193,0.003902293048701797,0.005209733141318984,0.005709775159054869,0.015121397568982616,1.0,0.0,0.0,0.0,0.0,1.0
CleanHouse,52,0.5681818181818181,0.3750573877117141,14.0,22.0,308.0,160.0,148.0,0.4805194805194805,235.0,1.0,1.0,2.9375,1.0,4.0,3.0,37.0,120.0,37.0,14.224609375,1.0,23.0,308.0,2.7921763479880207e-16,0.001766529099016193,0.003902293048701797,0.005209733141318984,0.005709775159054869,0.015121397568982616,1.0,0.0,0.0,0.0,0.0,1.0
CleanHouse,53,0.42424242424242414,0.44741888061313345,14.0,22.0,308.0,160.0,148.0,0.4805194805194805,235.0,1.0,1.0,2.9375,1.0,4.0,3.0,37.0,120.0,37.0,14.224609375,1.0,23.0,308.0,2.7921763479880207e-16,0.001766529099016193,0.003902293048701797,0.005209733141318984,0.005709775159054869,0.015121397568982616,1.0,0.0,0.0,0.0,0.0,1.0
CleanHouse,54,0.5378787878787878,0.45372400521785,14.0,22.0,308.0,160.0,148.0,0.4805194805194805,235.0,1.0,1.0,2.9375,1.0,4.0,3.0,37.0,120.0,37.0,14.224609375,1.0,23.0,308.0,2.7921763479880207e-16,0.001766529099016193,0.003902293048701797,0.005209733141318984,0.005709775159054869,0.015121397568982616,1.0,0.0,0.0,0.0,0.0,1.0
CleanHouse,55,0.5606060606060606,0.47649046040958765,14.0,22.0,308.0,160.0,148.0,0.4805194805194805,235.0,1.0,1.0,2.9375,1.0,4.0,3.0,37.0,120.0,37.0,14.224609375,1.0,23.0,308.0,2.7921763479880207e-16,0.001766529099016193,0.003902293048701797,0.005209733141318984,0.005709775159054869,0.015121397568982616,1.0,0.0,0.0,0.0,0.0,1.0
CleanHouse,56,0.5757575757575758,0.48721015729737976,14.0,22.0,308.0,160.0,148.0,0.4805194805194805,235.0,1.0,1.0,2.9375,1.0,4.0,3.0,37.0,120.0,37.0,14.224609375,1.0,23.0,308.0,2.7921763479880207e-16,0.001766529099016193,0.003902293048701797,0.005209733141318984,0.005709775159054869,0.015121397568982616,1.0,0.0,0.0,0.0,0.0,1.0
CleanHouse,57,0.6136363636363636,0.4486358263482707,14.0,22.0,308.0,160.0,148.0,0.4805194805194805,235.0,1.0,1.0,2.9375,1.0,4.0,3.0,37.0,120.0,37.0,14.224609375,1.0,23.0,308.0,2.7921763479880207e-16,0.001766529099016193,0.003902293048701797,0.005209733141318984,0.005709775159054869,0.015121397568982616,1.0,0.0,0.0,0.0,0.0,1.0
CleanHouse,58,0.9166666666666666,0.27638539919628335,14.0,22.0,308.0,160.0,148.0,0.4805194805194805,235.0,1.0,1.0,2.9375,1.0,4.0,3.0,37.0,120.0,37.0,14.224609375,1.0,23.0,308.0,2.7921763479880207e-16,0.001766529099016193,0.003902293048701797,0.005209733141318984,0.005709775159054869,0.015121397568982616,1.0,0.0,0.0,0.0,0.0,1.0
CleanHouse,59,0.35606060606060597,0.4351281963871025,14.0,22.0,308.0,160.0,148.0,0.4805194805194805,235.0,1.0,1.0,2.9375,1.0,4.0,3.0,37.0,120.0,37.0,14.224609375,1.0,23.0,308.0,2.7921763479880207e-16,0.001766529099016193,0.003902293048701797,0.005209733141318984,0.005709775159054869,0.015121397568982616,1.0,0.0,0.0,0.0,0.0,1.0
CleanHouse,60,0.3333333333333332,0.4565611870702838,14.0,22.0,308.0,160.0,148.0,0.4805194805194805,235.0,1.0,1.0,2.9375,1.0,4.0,3.0,37.0,120.0,37.0,14.224609375,1.0,23.0,308.0,2.7921763479880207e-16,0.001766529099016193,0.003902293048701797,0.005209733141318984,0.005709775159054869,0.015121397568982616,1.0,0.0,0.0,0.0,0.0,1.0
CleanHouse,61,0.6363636363636364,0.39799774353223333,14.0,22.0,308.0,160.0,148.0,0.4805194805194805,235.0,1.0,1.0,2.9375,1.0,4.0,3.0,37.0,120.0,37.0,14.224609375,1.0,23.0,308.0,2.7921763479880207e-16,0.001766529099016193,0.003902293048701797,0.005209733141318984,0.005709775159054869,0.015121397568982616,1.0,0.0,0.0,0.0,0.0,1.0
CleanHouse,62,0.45454545454545436,0.4149413314433078,14.0,22.0,308.0,160.0,148.0,0.4805194805194805,235.0,1.0,1.0,2.9375,1.0,4.0,3.0,37.0,120.0,37.0,14.224609375,1.0,23.0,308.0,2.7921763479880207e-16,0.001766529099016193,0.003902293048701797,0.005209733141318984,0.005709775159054869,0.015121397568982616,1.0,0.0,0.0,0.0,0.0,1.0
CleanHouse,63,0.44696969696969696,0.4597554945666292,14.0,22.0,308.0,160.0,148.0,0.4805194805194805,235.0,1.0,1.0,2.9375,1.0,4.0,3.0,37.0,120.0,37.0,14.224609375,1.0,23.0,308.0,2.7921763479880207e-16,0.001766529099016193,0.003902293048701797,0.005209733141318984,0.005709775159054869,0.015121397568982616,1.0,0.0,0.0,0.0,0.0,1.0
CleanHouse,64,0.49999999999999994,0.4351941398892447,14.0,22.0,308.0,160.0,148.0,0.4805194805194805,235.0,1.0,1.0,2.9375,1.0,4.0,3.0,37.0,120.0,37.0,14.224609375,1.0,23.0,308.0,2.7921763479880207e-16,0.001766529099016193,0.003902293048701797,0.005209733141318984,0.005709775159054869,0.015121397568982616,1.0,0.0,0.0,0.0,0.0,1.0
CleanHouse,65,0.712121212121212,0.4163221716373966,14.0,22.0,308.0,160.0,148.0,0.4805194805194805,235.0,1.0,1.0,2.9375,1.0,4.0,3.0,37.0,120.0,37.0,14.224609375,1.0,23.0,308.0,2.7921763479880207e-16,0.001766529099016193,0.003902293048701797,0.005209733141318984,0.005709775159054869,0.015121397568982616,1.0,0.0,0.0,0.0,0.0,1.0
CleanHouse,66,0.7727272727272726,0.372061489630566,14.0,22.0,308.0,160.0,148.0,0.4805194805194805,235.0,1.0,1.0,2.9375,1.0,4.0,3.0,37.0,120.0,37.0,14.224609375,1.0,23.0,308.0,2.7921763479880207e-16,0.001766529099016193,0.003902293048701797,0.005209733141318984,0.005709775159054869,0.015121397568982616,1.0,0.0,0.0,0.0,0.0,1.0
CleanHouse,67,0.6666666666666666,0.41216577299198326,14.0,22.0,308.0,160.0,148.0,0.4805194805194805,235.0,1.0,1.0,2.9375,1.0,4.0,3.0,37.0,120.0,37.0,14.224609375,1.0,23.0,308.0,2.7921763479880207e-16,0.001766529099016193,0.003902293048701797,0.005209733141318984,0.005709775159054869,0.015121397568982616,1.0,0.0,0.0,0.0,0.0,1.0
CleanHouse,68,0.6363636363636364,0.46056618647183833,14.0,22.0,308.0,160.0,148.0,0.4805194805194805,235.0,1.0,1.0,2.9375,1.0,4.0,3.0,37.0,120.0,37.0,14.224609375,1.0,23.0,308.0,2.7921763479880207e-16,0.001766529099016193,0.003902293048701797,0.005209733141318984,0.005709775159054869,0.015121397568982616,1.0,0.0,0.0,0.0,0.0,1.0
CleanHouse,69,0.75,0.3859177462712131,14.0,22.0,308.0,160.0,148.0,0.4805194805194805,235.0,1.0,1.0,2.9375,1.0,4.0,3.0,37.0,120.0,37.0,14.224609375,1.0,23.0,308.0,2.7921763479880207e-16,0.001766529099016193,0.003902293048701797,0.005209733141318984,0.005709775159054869,0.015121397568982616,1.0,0.0,0.0,0.0,0.0,1.0
CleanHouse,70,0.75,0.4330127018922194,14.0,22.0,308.0,160.0,148.0,0.4805194805194805,235.0,1.0,1.0,2.9375,1.0,4.0,3.0,37.0,120.0,37.0,14.224609375,1.0,23.0,308.0,2.7921763479880207e-16,0.001766529099016193,0.003902293048701797,0.005209733141318984,0.005709775159054869,0.015121397568982616,1.0,0.0,0.0,0.0,0.0,1.0
CleanHouse,71,0.3030303030303029,0.43175172269015183,14.0,22.0,308.0,160.0,148.0,0.4805194805194805,235.0,1.0,1.0,2.9375,1.0,4.0,3.0,37.0,120.0,37.0,14.224609375,1.0,23.0,308.0,2.7921763479880207e-16,0.001766529099016193,0.003902293048701797,0.005209733141318984,0.005709775159054869,0.015121397568982616,1.0,0.0,0.0,0.0,0.0,1.0
CleanHouse,72,0.8484848484848483,0.2710385427272473,14.0,22.0,308.0,160.0,148.0,0.4805194805194805,235.0,1.0,1.0,2.9375,1.0,4.0,3.0,37.0,120.0,37.0,14.224609375,1.0,23.0,308.0,2.7921763479880207e-16,0.001766529099016193,0.003902293048701797,0.005209733141318984,0.005709775159054869,0.015121397568982616,1.0,0.0,0.0,0.0,0.0,1.0
CleanHouse,73,0.4545454545454544,0.3979977435322334,14.0,22.0,308.0,160.0,148.0,0.4805194805194805,235.0,1.0,1.0,2.9375,1.0,4.0,3.0,37.0,120.0,37.0,14.224609375,1.0,23.0,308.0,2.7921763479880207e-16,0.001766529099016193,0.003902293048701797,0.005209733141318984,0.005709775159054869,0.015121397568982616,1.0,0.0,0.0,0.0,0.0,1.0
CleanHouse,74,0.5227272727272726,0.38947057375839256,14.0,22.0,308.0,160.0,148.0,0.4805194805194805,235.0,1.0,1.0,2.9375,1.0,4.0,3.0,37.0,120.0,37.0,14.224609375,1.0,23.0,308.0,2.7921763479880207e-16,0.001766529099016193,0.003902293048701797,0.005209733141318984,0.005709775159054869,0.015121397568982616,1.0,0.0,0.0,0.0,0.0,1.0
CleanHouse,75,0.5378787878787877,0.46274175921440774,14.0,22.0,308.0,160.0,148.0,0.4805194805194805,235.0,1.0,1.0,2.9375,1.0,4.0,3.0,37.0,120.0,37.0,14.224609375,1.0,23.0,308.0,2.7921763479880207e-16,0.001766529099016193,0.003902293048701797,0.005209733141318984,0.005709775159054869,0.015121397568982616,1.0,0.0,0.0,0.0,0.0,1.0
CleanHouse,76,0.7954545454545454,0.36950752721991514,14.0,22.0,308.0,160.0,148.0,0.4805194805194805,235.0,1.0,1.0,2.9375,1.0,4.0,3.0,37.0,120.0,37.0,14.224609375,1.0,23.0,308.0,2.7921763479880207e-16,0.001766529099016193,0.003902293048701797,0.005209733141318984,0.005709775159054869,0.015121397568982616,1.0,0.0,0.0,0.0,0.0,1.0
CleanHouse,77,0.6212121212121212,0.445103964289951,14.0,22.0,308.0,160.0,148.0,0.4805194805194805,235.0,1.0,1.0,2.9375,1.0,4.0,3.0,37.0,120.0,37.0,14.224609375,1.0,23.0,308.0,2.7921763479880207e-16,0.001766529099016193,0.003902293048701797,0.005209733141318984,0.005709775159054869,0.015121397568982616,1.0,0.0,0.0,0.0,0.0,1.0
CleanHouse,78,0.8787878787878788,0.2834588929374198,14.0,22.0,308.0,160.0,148.0,0.4805194805194805,235.0,1.0,1.0,2.9375,1.0,4.0,3.0,37.0,120.0,37.0,14.224609375,1.0,23.0,308.0,2.7921763479880207e-16,0.001766529099016193,0.003902293048701797,0.005209733141318984,0.005709775159054869,0.015121397568982616,1.0,0.0,0.0,0.0,0.0,1.0
CleanHouse,79,0.6439393939393939,0.3935750062988043,14.0,22.0,308.0,160.0,148.0,0.4805194805194805,235.0,1.0,1.0,2.9375,1.0,4.0,3.0,37.0,120.0,37.0,14.224609375,1.0,23.0,308.0,2.7921763479880207e-16,0.001766529099016193,0.003902293048701797,0.005209733141318984,0.005709775159054869,0.015121397568982616,1.0,0.0,0.0,0.0,0.0,1.0
CleanHouse,80,0.5833333333333333,0.39182122851471984,14.0,22.0,308.0,160.0,148.0,0.4805194805194805,235.0,1.0,1.0,2.9375,1.0,4.0,3.0,37.0,120.0,37.0,14.224609375,1.0,23.0,308.0,2.7921763479880207e-16,0.001766529099016193,0.003902293048701797,0.005209733141318984,0.005709775159054869,0.015121397568982616,1.0,0.0,0.0,0.0,0.0,1.0
CleanHouse,81,0.6136363636363635,0.41845346908004477,14.0,22.0,308.0,160.0,148.0,0.4805194805194805,235.0,1.0,1.0,2.9375,1.0,4.0,3.0,37.0,120.0,37.0,14.224609375,1.0,23.0,308.0,2.7921763479880207e-16,0.001766529099016193,0.003902293048701797,0.005209733141318984,0.005709775159054869,0.015121397568982616,1.0,0.0,0.0,0.0,0.0,1.0
CleanHouse,82,0.5909090909090909,0.4255930880360043,14.0,22.0,308.0,160.0,148.0,0.4805194805194805,235.0,1.0,1.0,2.9375,1.0,4.0,3.0,37.0,120.0,37.0,14.224609375,1.0,23.0,308.0,2.7921763479880207e-16,0.001766529099016193,0.003902293048701797,0.005209733141318984,0.005709775159054869,0.015121397568982616,1.0,0.0,0.0,0.0,0.0,1.0
CleanHouse,83,0.6363636363636364,0.453027769325032,14.0,22.0,308.0,160.0,148.0,0.4805194805194805,235.0,1.0,1.0,2.9375,1.0,4.0,3.0,37.0,120.0,37.0,14.224609375,1.0,23.0,308.0,2.7921763479880207e-16,0.001766529099016193,0.003902293048701797,0.005209733141318984,0.005709775159054869,0.015121397568982616,1.0,0.0,0.0,0.0,0.0,1.0
CleanHouse,84,0.5075757575757576,0.4335425432674091,14.0,22.0,308.0,160.0,148.0,0.4805194805194805,235.0,1.0,1.0,2.9375,1.0,4.0,3.0,37.0,120.0,37.0,14.224609375,1.0,23.0,308.0,2.7921763479880207e-16,0.001766529099016193,0.003902293048701797,0.005209733141318984,0.005709775159054869,0.015121397568982616,1.0,0.0,0.0,0.0,0.0,1.0
CleanHouse,85,0.7878787878787877,0.36046597737485825,14.0,22.0,308.0,160.0,148.0,0.4805194805194805,235.0,1.0,1.0,2.9375,1.0,4.0,3.0,37.0,120.0,37.0,14.224609375,1.0,23.0,308.0,2.7921763479880207e-16,0.001766529099016193,0.003902293048701797,0.005209733141318984,0.005709775159054869,0.015121397568982616,1.0,0.0,0.0,0.0,0.0,1.0
CleanHouse,86,0.6590909090909091,0.4016580649033808,14.0,22.0,308.0,160.0,148.0,0.4805194805194805,235.0,1.0,1.0,2.9375,1.0,4.0,3.0,37.0,120.0,37.0,14.224609375,1.0,23.0,308.0,2.7921763479880207e-16,0.001766529099016193,0.003902293048701797,0.005209733141318984,0.005709775159054869,0.015121397568982616,1.0,0.0,0.0,0.0,0.0,1.0
CleanHouse,87,0.787878787878788,0.36046597737485825,14.0,22.0,308.0,160.0,148.0,0.4805194805194805,235.0,1.0,1.0,2.9375,1.0,4.0,3.0,37.0,120.0,37.0,14.224609375,1.0,23.0,308.0,2.7921763479880207e-16,0.001766529099016193,0.003902293048701797,0.005209733141318984,0.005709775159054869,0.015121397568982616,1.0,0.0,0.0,0.0,0.0,1.0
CleanHouse,88,0.6590909090909091,0.46669372215943766,14.0,22.0,308.0,160.0,148.0,0.4805194805194805,235.0,1.0,1.0,2.9375,1.0,4.0,3.0,37.0,120.0,37.0,14.224609375,1.0,23.0,308.0,2.7921763479880207e-16,0.001766529099016193,0.003902293048701797,0.005209733141318984,0.005709775159054869,0.015121397568982616,1.0,0.0,0.0,0.0,0.0,1.0
CleanHouse,89,0.6439393939393939,0.4582550646920187,14.0,22.0,308.0,160.0,148.0,0.4805194805194805,235.0,1.0,1.0,2.9375,1.0,4.0,3.0,37.0,120.0,37.0,14.224609375,1.0,23.0,308.0,2.7921763479880207e-16,0.001766529099016193,0.003902293048701797,0.005209733141318984,0.005709775159054869,0.015121397568982616,1.0,0.0,0.0,0.0,0.0,1.0
CleanHouse,90,0.6515151515151515,0.4341378418755881,14.0,22.0,308.0,160.0,148.0,0.4805194805194805,235.0,1.0,1.0,2.9375,1.0,4.0,3.0,37.0,120.0,37.0,14.224609375,1.0,23.0,308.0,2.7921763479880207e-16,0.001766529099016193,0.003902293048701797,0.005209733141318984,0.005709775159054869,0.015121397568982616,1.0,0.0,0.0,0.0,0.0,1.0
CleanHouse,91,0.7651515151515151,0.3847261795634735,14.0,22.0,308.0,160.0,148.0,0.4805194805194805,235.0,1.0,1.0,2.9375,1.0,4.0,3.0,37.0,120.0,37.0,14.224609375,1.0,23.0,308.0,2.7921763479880207e-16,0.001766529099016193,0.003902293048701797,0.005209733141318984,0.005709775159054869,0.015121397568982616,1.0,0.0,0.0,0.0,0.0,1.0
CleanHouse,92,0.7954545454545454,0.306326766956905,14.0,22.0,308.0,160.0,148.0,0.4805194805194805,235.0,1.0,1.0,2.9375,1.0,4.0,3.0,37.0,120.0,37.0,14.224609375,1.0,23.0,308.0,2.7921763479880207e-16,0.001766529099016193,0.003902293048701797,0.005209733141318984,0.005709775159054869,0.015121397568982616,1.0,0.0,0.0,0.0,0.0,1.0
CleanHouse,93,0.787878787878788,0.2882772362187947,14.0,22.0,308.0,160.0,148.0,0.4805194805194805,235.0,1.0,1.0,2.9375,1.0,4.0,3.0,37.0,120.0,37.0,14.224609375,1.0,23.0,308.0,2.7921763479880207e-16,0.001766529099016193,0.003902293048701797,0.005209733141318984,0.005709775159054869,0.015121397568982616,1.0,0.0,0.0,0.0,0.0,1.0
CleanHouse,94,0.48484848484848486,0.4220723720358825,14.0,22.0,308.0,160.0,148.0,0.4805194805194805,235.0,1.0,1.0,2.9375,1.0,4.0,3.0,37.0,120.0,37.0,14.224609375,1.0,23.0,308.0,2.7921763479880207e-16,0.001766529099016193,0.003902293048701797,0.005209733141318984,0.005709775159054869,0.015121397568982616,1.0,0.0,0.0,0.0,0.0,1.0
CleanHouse,95,0.6363636363636362,0.416597790450531,14.0,22.0,308.0,160.0,148.0,0.4805194805194805,235.0,1.0,1.0,2.9375,1.0,4.0,3.0,37.0,120.0,37.0,14.224609375,1.0,23.0,308.0,2.7921763479880207e-16,0.001766529099016193,0.003902293048701797,0.005209733141318984,0.005709775159054869,0.015121397568982616,1.0,0.0,0.0,0.0,0.0,1.0
CleanHouse,96,0.75,0.3805263137840716,14.0,22.0,308.0,160.0,148.0,0.4805194805194805,235.0,1.0,1.0,2.9375,1.0,4.0,3.0,37.0,120.0,37.0,14.224609375,1.0,23.0,308.0,2.7921763479880207e-16,0.001766529099016193,0.003902293048701797,0.005209733141318984,0.005709775159054869,0.015121397568982616,1.0,0.0,0.0,0.0,0.0,1.0
CleanHouse,97,0.6060606060606061,0.4317517226901519,14.0,22.0,308.0,160.0,148.0,0.4805194805194805,235.0,1.0,1.0,2.9375,1.0,4.0,3.0,37.0,120.0,37.0,14.224609375,1.0,23.0,308.0,2.7921763479880207e-16,0.001766529099016193,0.003902293048701797,0.005209733141318984,0.005709775159054869,0.015121397568982616,1.0,0.0,0.0,0.0,0.0,1.0
CleanHouse,98,0.31818181818181807,0.4522670168666455,14.0,22.0,308.0,160.0,148.0,0.4805194805194805,235.0,1.0,1.0,2.9375,1.0,4.0,3.0,37.0,120.0,37.0,14.224609375,1.0,23.0,308.0,2.7921763479880207e-16,0.001766529099016193,0.003902293048701797,0.005209733141318984,0.005709775159054869,0.015121397568982616,1.0,0.0,0.0,0.0,0.0,1.0
CleanHouse,99,0.5909090909090909,0.3901331269570829,14.0,22.0,308.0,160.0,148.0,0.4805194805194805,235.0,1.0,1.0,2.9375,1.0,4.0,3.0,37.0,120.0,37.0,14.224609375,1.0,23.0,308.0,2.7921763479880207e-16,0.001766529099016193,0.003902293048701797,0.005209733141318984,0.005709775159054869,0.015121397568982616,1.0,0.0,0.0,0.0,0.0,1.0
CleanHouse,100,0.47727272727272724,0.4151487502672806,14.0,22.0,308.0,160.0,148.0,0.4805194805194805,235.0,1.0,1.0,2.9375,1.0,4.0,3.0,37.0,120.0,37.0,14.224609375,1.0,23.0,308.0,2.7921763479880207e-16,0.001766529099016193,0.003902293048701797,0.005209733141318984,0.005709775159054869,0.015121397568982616,1.0,0.0,0.0,0.0,0.0,1.0
CleanHouse,101,0.4393939393939393,0.4451039642899511,14.0,22.0,308.0,160.0,148.0,0.4805194805194805,235.0,1.0,1.0,2.9375,1.0,4.0,3.0,37.0,120.0,37.0,14.224609375,1.0,23.0,308.0,2.7921763479880207e-16,0.001766529099016193,0.003902293048701797,0.005209733141318984,0.005709775159054869,0.015121397568982616,1.0,0.0,0.0,0.0,0.0,1.0
CleanHouse,102,0.5681818181818182,0.4826536495817115,14.0,22.0,308.0,160.0,148.0,0.4805194805194805,235.0,1.0,1.0,2.9375,1.0,4.0,3.0,37.0,120.0,37.0,14.224609375,1.0,23.0,308.0,2.7921763479880207e-16,0.001766529099016193,0.003902293048701797,0.005209733141318984,0.005709775159054869,0.015121397568982616,1.0,0.0,0.0,0.0,0.0,1.0
CleanHouse,103,0.6742424242424242,0.4056391978856836,14.0,22.0,308.0,160.0,148.0,0.4805194805194805,235.0,1.0,1.0,2.9375,1.0,4.0,3.0,37.0,120.0,37.0,14.224609375,1.0,23.0,308.0,2.7921763479880207e-16,0.001766529099016193,0.003902293048701797,0.005209733141318984,0.005709775159054869,0.015121397568982616,1.0,0.0,0.0,0.0,0.0,1.0
CleanHouse,104,0.4393939393939393,0.43413784187558807,14.0,22.0,308.0,160.0,148.0,0.4805194805194805,235.0,1.0,1.0,2.9375,1.0,4.0,3.0,37.0,120.0,37.0,14.224609375,1.0,23.0,308.0,2.7921763479880207e-16,0.001766529099016193,0.003902293048701797,0.005209733141318984,0.005709775159054869,0.015121397568982616,1.0,0.0,0.0,0.0,0.0,1.0
CleanHouse,105,0.5303030303030303,0.42935234288802293,14.0,22.0,308.0,160.0,148.0,0.4805194805194805,235.0,1.0,1.0,2.9375,1.0,4.0,3.0,37.0,120.0,37.0,14.224609375,1.0,23.0,308.0,2.7921763479880207e-16,0.001766529099016193,0.003902293048701797,0.005209733141318984,0.005709775159054869,0.015121397568982616,1.0,0.0,0.0,0.0,0.0,1.0
CleanHouse,106,0.8257575757575757,0.3701282878880639,14.0,22.0,308.0,160.0,148.0,0.4805194805194805,235.0,1.0,1.0,2.9375,1.0,4.0,3.0,37.0,120.0,37.0,14.224609375,1.0,23.0,308.0,2.7921763479880207e-16,0.001766529099016193,0.003902293048701797,0.005209733141318984,0.005709775159054869,0.015121397568982616,1.0,0.0,0.0,0.0,0.0,1.0
CleanHouse,107,0.46969696969696956,0.46478368636902945,14.0,22.0,308.0,160.0,148.0,0.4805194805194805,235.0,1.0,1.0,2.9375,1.0,4.0,3.0,37.0,120.0,37.0,14.224609375,1.0,23.0,308.0,2.7921763479880207e-16,0.001766529099016193,0.003902293048701797,0.005209733141318984,0.005709775159054869,0.015121397568982616,1.0,0.0,0.0,0.0,0.0,1.0
CleanHouse,108,0.5075757575757575,0.3002715330697942,14.0,22.0,308.0,160.0,148.0,0.4805194805194805,235.0,1.0,1.0,2.9375,1.0,4.0,3.0,37.0,120.0,37.0,14.224609375,1.0,23.0,308.0,2.7921763479880207e-16,0.001766529099016193,0.003902293048701797,0.005209733141318984,0.005709775159054869,0.015121397568982616,1.0,0.0,0.0,0.0,0.0,1.0
CleanHouse,109,0.8257575757575757,0.3701282878880639,14.0,22.0,308.0,160.0,148.0,0.4805194805194805,235.0,1.0,1.0,2.9375,1.0,4.0,3.0,37.0,120.0,37.0,14.224609375,1.0,23.0,308.0,2.7921763479880207e-16,0.001766529099016193,0.003902293048701797,0.005209733141318984,0.005709775159054869,0.015121397568982616,1.0,0.0,0.0,0.0,0.0,1.0
CleanHouse,110,0.49242424242424243,0.43035371020375107,14.0,22.0,308.0,160.0,148.0,0.4805194805194805,235.0,1.0,1.0,2.9375,1.0,4.0,3.0,37.0,120.0,37.0,14.224609375,1.0,23.0,308.0,2.7921763479880207e-16,0.001766529099016193,0.003902293048701797,0.005209733141318984,0.005709775159054869,0.015121397568982616,1.0,0.0,0.0,0.0,0.0,1.0
CleanHouse,111,0.8181818181818182,0.34815531191139576,14.0,22.0,308.0,160.0,148.0,0.4805194805194805,235.0,1.0,1.0,2.9375,1.0,4.0,3.0,37.0,120.0,37.0,14.224609375,1.0,23.0,308.0,2.7921763479880207e-16,0.001766529099016193,0.003902293048701797,0.005209733141318984,0.005709775159054869,0.015121397568982616,1.0,0.0,0.0,0.0,0.0,1.0
CleanHouse,112,0.5681818181818181,0.48265364958171153,14.0,22.0,308.0,160.0,148.0,0.4805194805194805,235.0,1.0,1.0,2.9375,1.0,4.0,3.0,37.0,120.0,37.0,14.224609375,1.0,23.0,308.0,2.7921763479880207e-16,0.001766529099016193,0.003902293048701797,0.005209733141318984,0.005709775159054869,0.015121397568982616,1.0,0.0,0.0,0.0,0.0,1.0
CleanHouse,113,0.462121212121212,0.46422768787434954,14.0,22.0,308.0,160.0,148.0,0.4805194805194805,235.0,1.0,1.0,2.9375,1.0,4.0,3.0,37.0,120.0,37.0,14.224609375,1.0,23.0,308.0,2.7921763479880207e-16,0.001766529099016193,0.003902293048701797,0.005209733141318984,0.005709775159054869,0.015121397568982616,1.0,0.0,0.0,0.0,0.0,1.0
CleanHouse,114,0.5227272727272726,0.4377581882785961,14.0,22.0,308.0,160.0,148.0,0.4805194805194805,235.0,1.0,1.0,2.9375,1.0,4.0,3.0,37.0,120.0,37.0,14.224609375,1.0,23.0,308.0,2.7921763479880207e-16,0.001766529099016193,0.003902293048701797,0.005209733141318984,0.005709775159054869,0.015121397568982616,1.0,0.0,0.0,0.0,0.0,1.0
CleanHouse,115,0.6742424242424242,0.4056391978856836,14.0,22.0,308.0,160.0,148.0,0.4805194805194805,235.0,1.0,1.0,2.9375,1.0,4.0,3.0,37.0,120.0,37.0,14.224609375,1.0,23.0,308.0,2.7921763479880207e-16,0.001766529099016193,0.003902293048701797,0.005209733141318984,0.005709775159054869,0.015121397568982616,1.0,0.0,0.0,0.0,0.0,1.0
CleanHouse,116,0.6666666666666666,0.4565611870702838,14.0,22.0,308.0,160.0,148.0,0.4805194805194805,235.0,1.0,1.0,2.9375,1.0,4.0,3.0,37.0,120.0,37.0,14.224609375,1.0,23.0,308.0,2.7921763479880207e-16,0.001766529099016193,0.003902293048701797,0.005209733141318984,0.005709775159054869,0.015121397568982616,1.0,0.0,0.0,0.0,0.0,1.0
CleanHouse,117,0.49999999999999994,0.4107709609613928,14.0,22.0,308.0,160.0,148.0,0.4805194805194805,235.0,1.0,1.0,2.9375,1.0,4.0,3.0,37.0,120.0,37.0,14.224609375,1.0,23.0,308.0,2.7921763479880207e-16,0.001766529099016193,0.003902293048701797,0.005209733141318984,0.005709775159054869,0.015121397568982616,1.0,0.0,0.0,0.0,0.0,1.0
CleanHouse,118,0.462121212121212,0.4657088754334451,14.0,22.0,308.0,160.0,148.0,0.4805194805194805,235.0,1.0,1.0,2.9375,1.0,4.0,3.0,37.0,120.0,37.0,14.224609375,1.0,23.0,308.0,2.7921763479880207e-16,0.001766529099016193,0.003902293048701797,0.005209733141318984,0.005709775159054869,0.015121397568982616,1.0,0.0,0.0,0.0,0.0,1.0
CleanHouse,119,0.7272727272727272,0.40824829046386313,14.0,22.0,308.0,160.0,148.0,0.4805194805194805,235.0,1.0,1.0,2.9375,1.0,4.0,3.0,37.0,120.0,37.0,14.224609375,1.0,23.0,308.0,2.7921763479880207e-16,0.001766529099016193,0.003902293048701797,0.005209733141318984,0.005709775159054869,0.015121397568982616,1.0,0.0,0.0,0.0,0.0,1.0
CleanHouse,120,0.5075757575757575,0.4367080921615861,14.0,22.0,308.0,160.0,148.0,0.4805194805194805,235.0,1.0,1.0,2.9375,1.0,4.0,3.0,37.0,120.0,37.0,14.224609375,1.0,23.0,308.0,2.7921763479880207e-16,0.001766529099016193,0.003902293048701797,0.005209733141318984,0.005709775159054869,0.015121397568982616,1.0,0.0,0.0,0.0,0.0,1.0
CleanHouse,121,0.4924242424242424,0.41070109601302435,14.0,22.0,308.0,160.0,148.0,0.4805194805194805,235.0,1.0,1.0,2.9375,1.0,4.0,3.0,37.0,120.0,37.0,14.224609375,1.0,23.0,308.0,2.7921763479880207e-16,0.001766529099016193,0.003902293048701797,0.005209733141318984,0.005709775159054869,0.015121397568982616,1.0,0.0,0.0,0.0,0.0,1.0
CleanHouse,122,0.5984848484848485,0.4759481378634871,14.0,22.0,308.0,160.0,148.0,0.4805194805194805,235.0,1.0,1.0,2.9375,1.0,4.0,3.0,37.0,120.0,37.0,14.224609375,1.0,23.0,308.0,2.7921763479880207e-16,0.001766529099016193,0.003902293048701797,0.005209733141318984,0.005709775159054869,0.015121397568982616,1.0,0.0,0.0,0.0,0.0,1.0
CleanHouse,123,0.8106060606060606,0.3663879481619318,14.0,22.0,308.0,160.0,148.0,0.4805194805194805,235.0,1.0,1.0,2.9375,1.0,4.0,3.0,37.0,120.0,37.0,14.224609375,1.0,23.0,308.0,2.7921763479880207e-16,0.001766529099016193,0.003902293048701797,0.005209733141318984,0.005709775159054869,0.015121397568982616,1.0,0.0,0.0,0.0,0.0,1.0
CleanHouse,124,0.4772727272727271,0.47835375408748165,14.0,22.0,308.0,160.0,148.0,0.4805194805194805,235.0,1.0,1.0,2.9375,1.0,4.0,3.0,37.0,120.0,37.0,14.224609375,1.0,23.0,308.0,2.7921763479880207e-16,0.001766529099016193,0.003902293048701797,0.005209733141318984,0.005709775159054869,0.015121397568982616,1.0,0.0,0.0,0.0,0.0,1.0
CleanHouse,125,0.6439393939393939,0.407333486629396,14.0,22.0,308.0,160.0,148.0,0.4805194805194805,235.0,1.0,1.0,2.9375,1.0,4.0,3.0,37.0,120.0,37.0,14.224609375,1.0,23.0,308.0,2.7921763479880207e-16,0.001766529099016193,0.003902293048701797,0.005209733141318984,0.005709775159054869,0.015121397568982616,1.0,0.0,0.0,0.0,0.0,1.0
CleanHouse,126,0.3712121212121211,0.4398508596059027,14.0,22.0,308.0,160.0,148.0,0.4805194805194805,235.0,1.0,1.0,2.9375,1.0,4.0,3.0,37.0,120.0,37.0,14.224609375,1.0,23.0,308.0,2.7921763479880207e-16,0.001766529099016193,0.003902293048701797,0.005209733141318984,0.005709775159054869,0.015121397568982616,1.0,0.0,0.0,0.0,0.0,1.0
CleanHouse,127,0.5909090909090909,0.43201749786009863,14.0,22.0,308.0,160.0,148.0,0.4805194805194805,235.0,1.0,1.0,2.9375,1.0,4.0,3.0,37.0,120.0,37.0,14.224609375,1.0,23.0,308.0,2.7921763479880207e-16,0.001766529099016193,0.003902293048701797,0.005209733141318984,0.005709775159054869,0.015121397568982616,1.0,0.0,0.0,0.0,0.0,1.0
CleanHouse,128,0.6136363636363636,0.34442630065664576,14.0,22.0,308.0,160.0,148.0,0.4805194805194805,235.0,1.0,1.0,2.9375,1.0,4.0,3.0,37.0,120.0,37.0,14.224609375,1.0,23.0,308.0,2.7921763479880207e-16,0.001766529099016193,0.003902293048701797,0.005209733141318984,0.005709775159054869,0.015121397568982616,1.0,0.0,0.0,0.0,0.0,1.0
CleanHouse,129,0.6287878787878788,0.43035371020375107,14.0,22.0,308.0,160.0,148.0,0.4805194805194805,235.0,1.0,1.0,2.9375,1.0,4.0,3.0,37.0,120.0,37.0,14.224609375,1.0,23.0,308.0,2.7921763479880207e-16,0.001766529099016193,0.003902293048701797,0.005209733141318984,0.005709775159054869,0.015121397568982616,1.0,0.0,0.0,0.0,0.0,1.0
CleanHouse,130,0.2803030303030302,0.4039378026293419,14.0,22.0,308.0,160.0,148.0,0.4805194805194805,235.0,1.0,1.0,2.9375,1.0,4.0,3.0,37.0,120.0,37.0,14.224609375,1.0,23.0,308.0,2.7921763479880207e-16,0.001766529099016193,0.003902293048701797,0.005209733141318984,0.005709775159054869,0.015121397568982616,1.0,0.0,0.0,0.0,0.0,1.0
CleanHouse,131,0.8787878787878788,0.1405093711438743,14.0,22.0,308.0,160.0,148.0,0.4805194805194805,235.0,1.0,1.0,2.9375,1.0,4.0,3.0,37.0,120.0,37.0,14.224609375,1.0,23.0,308.0,2.7921763479880207e-16,0.001766529099016193,0.003902293048701797,0.005209733141318984,0.005709775159054869,0.015121397568982616,1.0,0.0,0.0,0.0,0.0,1.0
CleanHouse,132,0.6742424242424242,0.41070109601302435,14.0,22.0,308.0,160.0,148.0,0.4805194805194805,235.0,1.0,1.0,2.9375,1.0,4.0,3.0,37.0,120.0,37.0,14.224609375,1.0,23.0,308.0,2.7921763479880207e-16,0.001766529099016193,0.003902293048701797,0.005209733141318984,0.005709775159054869,0.015121397568982616,1.0,0.0,0.0,0.0,0.0,1.0
CleanHouse,133,0.8636363636363636,0.2584654865035149,14.0,22.0,308.0,160.0,148.0,0.4805194805194805,235.0,1.0,1.0,2.9375,1.0,4.0,3.0,37.0,120.0,37.0,14.224609375,1.0,23.0,308.0,2.7921763479880207e-16,0.001766529099016193,0.003902293048701797,0.005209733141318984,0.005709775159054869,0.015121397568982616,1.0,0.0,0.0,0.0,0.0,1.0
CleanHouse,134,0.5833333333333333,0.4367080921615861,14.0,22.0,308.0,160.0,148.0,0.4805194805194805,235.0,1.0,1.0,2.9375,1.0,4.0,3.0,37.0,120.0,37.0,14.224609375,1.0,23.0,308.0,2.7921763479880207e-16,0.001766529099016193,0.003902293048701797,0.005209733141318984,0.005709775159054869,0.015121397568982616,1.0,0.0,0.0,0.0,0.0,1.0
CleanHouse,135,0.8333333333333334,0.282241454699957,14.0,22.0,308.0,160.0,148.0,0.4805194805194805,235.0,1.0,1.0,2.9375,1.0,4.0,3.0,37.0,120.0,37.0,14.224609375,1.0,23.0,308.0,2.7921763479880207e-16,0.001766529099016193,0.003902293048701797,0.005209733141318984,0.005709775159054869,0.015121397568982616,1.0,0.0,0.0,0.0,0.0,1.0
CleanHouse,136,0.5,0.5,14.0,22.0,308.0,160.0,148.0,0.4805194805194805,235.0,1.0,1.0,2.9375,1.0,4.0,3.0,37.0,120.0,37.0,14.224609375,1.0,23.0,308.0,2.7921763479880207e-16,0.001766529099016193,0.003902293048701797,0.005209733141318984,0.005709775159054869,0.015121397568982616,1.0,0.0,0.0,0.0,0.0,1.0
CleanHouse,137,0.6818181818181817,0.3812044128911857,14.0,22.0,308.0,160.0,148.0,0.4805194805194805,235.0,1.0,1.0,2.9375,1.0,4.0,3.0,37.0,120.0,37.0,14.224609375,1.0,23.0,308.0,2.7921763479880207e-16,0.001766529099016193,0.003902293048701797,0.005209733141318984,0.005709775159054869,0.015121397568982616,1.0,0.0,0.0,0.0,0.0,1.0
CleanHouse,138,0.7045454545454545,0.42009607978823565,14.0,22.0,308.0,160.0,148.0,0.4805194805194805,235.0,1.0,1.0,2.9375,1.0,4.0,3.0,37.0,120.0,37.0,14.224609375,1.0,23.0,308.0,2.7921763479880207e-16,0.001766529099016193,0.003902293048701797,0.005209733141318984,0.005709775159054869,0.015121397568982616,1.0,0.0,0.0,0.0,0.0,1.0
CleanHouse,139,0.47727272727272724,0.4016580649033808,14.0,22.0,308.0,160.0,148.0,0.4805194805194805,235.0,1.0,1.0,2.9375,1.0,4.0,3.0,37.0,120.0,37.0,14.224609375,1.0,23.0,308.0,2.7921763479880207e-16,0.001766529099016193,0.003902293048701797,0.005209733141318984,0.005709775159054869,0.015121397568982616,1.0,0.0,0.0,0.0,0.0,1.0
CleanHouse,140,0.5984848484848484,0.45067799144654086,14.0,22.0,308.0,160.0,148.0,0.4805194805194805,235.0,1.0,1.0,2.9375,1.0,4.0,3.0,37.0,120.0,37.0,14.224609375,1.0,23.0,308.0,2.7921763479880207e-16,0.001766529099016193,0.003902293048701797,0.005209733141318984,0.005709775159054869,0.015121397568982616,1.0,0.0,0.0,0.0,0.0,1.0
CleanHouse,141,0.5833333333333333,0.4552393693204127,14.0,22.0,308.0,160.0,148.0,0.4805194805194805,235.0,1.0,1.0,2.9375,1.0,4.0,3.0,37.0,120.0,37.0,14.224609375,1.0,23.0,308.0,2.7921763479880207e-16,0.001766529099016193,0.003902293048701797,0.005209733141318984,0.005709775159054869,0.015121397568982616,1.0,0.0,0.0,0.0,0.0,1.0
CleanHouse,142,0.7954545454545454,0.36576083953252464,14.0,22.0,308.0,160.0,148.0,0.4805194805194805,235.0,1.0,1.0,2.9375,1.0,4.0,3.0,37.0,120.0,37.0,14.224609375,1.0,23.0,308.0,2.7921763479880207e-16,0.001766529099016193,0.003902293048701797,0.005209733141318984,0.005709775159054869,0.015121397568982616,1.0,0.0,0.0,0.0,0.0,1.0
CleanHouse,143,0.8257575757575757,0.29095249044956856,14.0,22.0,308.0,160.0,148.0,0.4805194805194805,235.0,1.0,1.0,2.9375,1.0,4.0,3.0,37.0,120.0,37.0,14.224609375,1.0,23.0,308.0,2.7921763479880207e-16,0.001766529099016193,0.003902293048701797,0.005209733141318984,0.005709775159054869,0.015121397568982616,1.0,0.0,0.0,0.0,0.0,1.0
CleanHouse,144,0.40909090909090895,0.43042038519217557,14.0,22.0,308.0,160.0,148.0,0.4805194805194805,235.0,1.0,1.0,2.9375,1.0,4.0,3.0,37.0,120.0,37.0,14.224609375,1.0,23.0,308.0,2.7921763479880207e-16,0.001766529099016193,0.003902293048701797,0.005209733141318984,0.005709775159054869,0.015121397568982616,1.0,0.0,0.0,0.0,0.0,1.0
CleanHouse,145,0.5303030303030302,0.46478368636902945,14.0,22.0,308.0,160.0,148.0,0.4805194805194805,235.0,1.0,1.0,2.9375,1.0,4.0,3.0,37.0,120.0,37.0,14.224609375,1.0,23.0,308.0,2.7921763479880207e-16,0.001766529099016193,0.003902293048701797,0.005209733141318984,0.005709775159054869,0.015121397568982616,1.0,0.0,0.0,0.0,0.0,1.0
CleanHouse,146,0.6893939393939394,0.43354254326740915,14.0,22.0,308.0,160.0,148.0,0.4805194805194805,235.0,1.0,1.0,2.9375,1.0,4.0,3.0,37.0,120.0,37.0,14.224609375,1.0,23.0,308.0,2.7921763479880207e-16,0.001766529099016193,0.003902293048701797,0.005209733141318984,0.005709775159054869,0.015121397568982616,1.0,0.0,0.0,0.0,0.0,1.0
CleanHouse,147,0.553030303030303,0.4730452504772475,14.0,22.0,308.0,160.0,148.0,0.4805194805194805,235.0,1.0,1.0,2.9375,1.0,4.0,3.0,37.0,120.0,37.0,14.224609375,1.0,23.0,308.0,2.7921763479880207e-16,0.001766529099016193,0.003902293048701797,0.005209733141318984,0.005709775159054869,0.015121397568982616,1.0,0.0,0.0,0.0,0.0,1.0
CleanHouse,148,0.3333333333333332,0.3809031845447436,14.0,22.0,308.0,160.0,148.0,0.4805194805194805,235.0,1.0,1.0,2.9375,1.0,4.0,3.0,37.0,120.0,37.0,14.224609375,1.0,23.0,308.0,2.7921763479880207e-16,0.001766529099016193,0.003902293048701797,0.005209733141318984,0.005709775159054869,0.015121397568982616,1.0,0.0,0.0,0.0,0.0,1.0
CleanHouse,149,0.7121212121212123,0.4196176492159464,14.0,22.0,308.0,160.0,148.0,0.4805194805194805,235.0,1.0,1.0,2.9375,1.0,4.0,3.0,37.0,120.0,37.0,14.224609375,1.0,23.0,308.0,2.7921763479880207e-16,0.001766529099016193,0.003902293048701797,0.005209733141318984,0.005709775159054869,0.015121397568982616,1.0,0.0,0.0,0.0,0.0,1.0
CleanHouse,150,0.6212121212121212,0.44664857493889937,14.0,22.0,308.0,160.0,148.0,0.4805194805194805,235.0,1.0,1.0,2.9375,1.0,4.0,3.0,37.0,120.0,37.0,14.224609375,1.0,23.0,308.0,2.7921763479880207e-16,0.001766529099016193,0.003902293048701797,0.005209733141318984,0.005709775159054869,0.015121397568982616,1.0,0.0,0.0,0.0,0.0,1.0
CleanHouse,151,0.5303030303030303,0.43413784187558807,14.0,22.0,308.0,160.0,148.0,0.4805194805194805,235.0,1.0,1.0,2.9375,1.0,4.0,3.0,37.0,120.0,37.0,14.224609375,1.0,23.0,308.0,2.7921763479880207e-16,0.001766529099016193,0.003902293048701797,0.005209733141318984,0.005709775159054869,0.015121397568982616,1.0,0.0,0.0,0.0,0.0,1.0
CleanHouse,152,0.765151515151515,0.3370147942353823,14.0,22.0,308.0,160.0,148.0,0.4805194805194805,235.0,1.0,1.0,2.9375,1.0,4.0,3.0,37.0,120.0,37.0,14.224609375,1.0,23.0,308.0,2.7921763479880207e-16,0.001766529099016193,0.003902293048701797,0.005209733141318984,0.005709775159054869,0.015121397568982616,1.0,0.0,0.0,0.0,0.0,1.0
CleanHouse,153,0.44696969696969696,0.37566897782477093,14.0,22.0,308.0,160.0,148.0,0.4805194805194805,235.0,1.0,1.0,2.9375,1.0,4.0,3.0,37.0,120.0,37.0,14.224609375,1.0,23.0,308.0,2.7921763479880207e-16,0.001766529099016193,0.003902293048701797,0.005209733141318984,0.005709775159054869,0.015121397568982616,1.0,0.0,0.0,0.0,0.0,1.0
CleanHouse,154,0.5757575757575758,0.40881022918884985,14.0,22.0,308.0,160.0,148.0,0.4805194805194805,235.0,1.0,1.0,2.9375,1.0,4.0,3.0,37.0,120.0,37.0,14.224609375,1.0,23.0,308.0,2.7921763479880207e-16,0.001766529099016193,0.003902293048701797,0.005209733141318984,0.005709775159054869,0.015121397568982616,1.0,0.0,0.0,0.0,0.0,1.0
CleanHouse,155,0.712121212121212,0.38180615661679257,14.0,22.0,308.0,160.0,148.0,0.4805194805194805,235.0,1.0,1.0,2.9375,1.0,4.0,3.0,37.0,120.0,37.0,14.224609375,1.0,23.0,308.0,2.7921763479880207e-16,0.001766529099016193,0.003902293048701797,0.005209733141318984,0.005709775159054869,0.015121397568982616,1.0,0.0,0.0,0.0,0.0,1.0
CleanHouse,156,0.409090909090909,0.48461168459756,14.0,22.0,308.0,160.0,148.0,0.4805194805194805,235.0,1.0,1.0,2.9375,1.0,4.0,3.0,37.0,120.0,37.0,14.224609375,1.0,23.0,308.0,2.7921763479880207e-16,0.001766529099016193,0.003902293048701797,0.005209733141318984,0.005709775159054869,0.015121397568982616,1.0,0.0,0.0,0.0,0.0,1.0
CleanHouse,157,0.5454545454545454,0.43756148721798954,14.0,22.0,308.0,160.0,148.0,0.4805194805194805,235.0,1.0,1.0,2.9375,1.0,4.0,3.0,37.0,120.0,37.0,14.224609375,1.0,23.0,308.0,2.7921763479880207e-16,0.001766529099016193,0.003902293048701797,0.005209733141318984,0.005709775159054869,0.015121397568982616,1.0,0.0,0.0,0.0,0.0,1.0
CleanHouse,158,0.515151515151515,0.4757672263062905,14.0,22.0,308.0,160.0,148.0,0.4805194805194805,235.0,1.0,1.0,2.9375,1.0,4.0,3.0,37.0,120.0,37.0,14.224609375,1.0,23.0,308.0,2.7921763479880207e-16,0.001766529099016193,0.003902293048701797,0.005209733141318984,0.005709775159054869,0.015121397568982616,1.0,0.0,0.0,0.0,0.0,1.0
CleanHouse,159,0.4924242424242424,0.41735480366179767,14.0,22.0,308.0,160.0,148.0,0.4805194805194805,235.0,1.0,1.0,2.9375,1.0,4.0,3.0,37.0,120.0,37.0,14.224609375,1.0,23.0,308.0,2.7921763479880207e-16,0.001766529099016193,0.003902293048701797,0.005209733141318984,0.005709775159054869,0.015121397568982616,1.0,0.0,0.0,0.0,0.0,1.0
CleanHouse,160,0.4924242424242424,0.42390408586478134,14.0,22.0,308.0,160.0,148.0,0.4805194805194805,235.0,1.0,1.0,2.9375,1.0,4.0,3.0,37.0,120.0,37.0,14.224609375,1.0,23.0,308.0,2.7921763479880207e-16,0.001766529099016193,0.003902293048701797,0.005209733141318984,0.005709775159054869,0.015121397568982616,1.0,0.0,0.0,0.0,0.0,1.0
CleanHouse,161,0.7651515151515151,0.3626090285992219,14.0,22.0,308.0,160.0,148.0,0.4805194805194805,235.0,1.0,1.0,2.9375,1.0,4.0,3.0,37.0,120.0,37.0,14.224609375,1.0,23.0,308.0,2.7921763479880207e-16,0.001766529099016193,0.003902293048701797,0.005209733141318984,0.005709775159054869,0.015121397568982616,1.0,0.0,0.0,0.0,0.0,1.0
CleanHouse,162,0.8030303030303029,0.3633205699479334,14.0,22.0,308.0,160.0,148.0,0.4805194805194805,235.0,1.0,1.0,2.9375,1.0,4.0,3.0,37.0,120.0,37.0,14.224609375,1.0,23.0,308.0,2.7921763479880207e-16,0.001766529099016193,0.003902293048701797,0.005209733141318984,0.005709775159054869,0.015121397568982616,1.0,0.0,0.0,0.0,0.0,1.0
CleanHouse,163,0.6363636363636364,0.46056618647183833,14.0,22.0,308.0,160.0,148.0,0.4805194805194805,235.0,1.0,1.0,2.9375,1.0,4.0,3.0,37.0,120.0,37.0,14.224609375,1.0,23.0,308.0,2.7921763479880207e-16,0.001766529099016193,0.003902293048701797,0.005209733141318984,0.005709775159054869,0.015121397568982616,1.0,0.0,0.0,0.0,0.0,1.0
CleanHouse,164,0.6136363636363636,0.3999397337519853,14.0,22.0,308.0,160.0,148.0,0.4805194805194805,235.0,1.0,1.0,2.9375,1.0,4.0,3.0,37.0,120.0,37.0,14.224609375,1.0,23.0,308.0,2.7921763479880207e-16,0.001766529099016193,0.003902293048701797,0.005209733141318984,0.005709775159054869,0.015121397568982616,1.0,0.0,0.0,0.0,0.0,1.0
CleanHouse,165,0.5378787878787878,0.4597554945666291,14.0,22.0,308.0,160.0,148.0,0.4805194805194805,235.0,1.0,1.0,2.9375,1.0,4.0,3.0,37.0,120.0,37.0,14.224609375,1.0,23.0,308.0,2.7921763479880207e-16,0.001766529099016193,0.003902293048701797,0.005209733141318984,0.005709775159054869,0.015121397568982616,1.0,0.0,0.0,0.0,0.0,1.0
CleanHouse,166,0.6515151515151515,0.4245129007915728,14.0,22.0,308.0,160.0,148.0,0.4805194805194805,235.0,1.0,1.0,2.9375,1.0,4.0,3.0,37.0,120.0,37.0,14.224609375,1.0,23.0,308.0,2.7921763479880207e-16,0.001766529099016193,0.003902293048701797,0.005209733141318984,0.005709775159054869,0.015121397568982616,1.0,0.0,0.0,0.0,0.0,1.0
CleanHouse,167,0.6666666666666666,0.43493030589113113,14.0,22.0,308.0,160.0,148.0,0.4805194805194805,235.0,1.0,1.0,2.9375,1.0,4.0,3.0,37.0,120.0,37.0,14.224609375,1.0,23.0,308.0,2.7921763479880207e-16,0.001766529099016193,0.003902293048701797,0.005209733141318984,0.005709775159054869,0.015121397568982616,1.0,0.0,0.0,0.0,0.0,1.0
CleanHouse,168,0.5909090909090909,0.4272082478748996,14.0,22.0,308.0,160.0,148.0,0.4805194805194805,235.0,1.0,1.0,2.9375,1.0,4.0,3.0,37.0,120.0,37.0,14.224609375,1.0,23.0,308.0,2.7921763479880207e-16,0.001766529099016193,0.003902293048701797,0.005209733141318984,0.005709775159054869,0.015121397568982616,1.0,0.0,0.0,0.0,0.0,1.0
CleanHouse,169,0.6893939393939393,0.37931781112484997,14.0,22.0,308.0,160.0,148.0,0.4805194805194805,235.0,1.0,1.0,2.9375,1.0,4.0,3.0,37.0,120.0,37.0,14.224609375,1.0,23.0,308.0,2.7921763479880207e-16,0.001766529099016193,0.003902293048701797,0.005209733141318984,0.005709775159054869,0.015121397568982616,1.0,0.0,0.0,0.0,0.0,1.0
CleanHouse,170,0.7196969696969697,0.4271410714851652,14.0,22.0,308.0,160.0,148.0,0.4805194805194805,235.0,1.0,1.0,2.9375,1.0,4.0,3.0,37.0,120.0,37.0,14.224609375,1.0,23.0,308.0,2.7921763479880207e-16,0.001766529099016193,0.003902293048701797,0.005209733141318984,0.005709775159054869,0.015121397568982616,1.0,0.0,0.0,0.0,0.0,1.0
CleanHouse,171,0.6515151515151515,0.46181062588267197,14.0,22.0,308.0,160.0,148.0,0.4805194805194805,235.0,1.0,1.0,2.9375,1.0,4.0,3.0,37.0,120.0,37.0,14.224609375,1.0,23.0,308.0,2.7921763479880207e-16,0.001766529099016193,0.003902293048701797,0.005209733141318984,0.005709775159054869,0.015121397568982616,1.0,0.0,0.0,0.0,0.0,1.0
CleanHouse,172,0.44696969696969696,0.4287503999039705,14.0,22.0,308.0,160.0,148.0,0.4805194805194805,235.0,1.0,1.0,2.9375,1.0,4.0,3.0,37.0,120.0,37.0,14.224609375,1.0,23.0,308.0,2.7921763479880207e-16,0.001766529099016193,0.003902293048701797,0.005209733141318984,0.005709775159054869,0.015121397568982616,1.0,0.0,0.0,0.0,0.0,1.0
CleanHouse,173,0.6287878787878788,0.44914723811459517,14.0,22.0,308.0,160.0,148.0,0.4805194805194805,235.0,1.0,1.0,2.9375,1.0,4.0,3.0,37.0,120.0,37.0,14.224609375,1.0,23.0,308.0,2.7921763479880207e-16,0.001766529099016193,0.003902293048701797,0.005209733141318984,0.005709775159054869,0.015121397568982616,1.0,0.0,0.0,0.0,0.0,1.0
CleanHouse,174,0.6742424242424242,0.3882899099618031,14.0,22.0,308.0,160.0,148.0,0.4805194805194805,235.0,1.0,1.0,2.9375,1.0,4.0,3.0,37.0,120.0,37.0,14.224609375,1.0,23.0,308.0,2.7921763479880207e-16,0.001766529099016193,0.003902293048701797,0.005209733141318984,0.005709775159054869,0.015121397568982616,1.0,0.0,0.0,0.0,0.0,1.0
CleanHouse,175,0.5984848484848484,0.4351281963871025,14.0,22.0,308.0,160.0,148.0,0.4805194805194805,235.0,1.0,1.0,2.9375,1.0,4.0,3.0,37.0,120.0,37.0,14.224609375,1.0,23.0,308.0,2.7921763479880207e-16,0.001766529099016193,0.003902293048701797,0.005209733141318984,0.005709775159054869,0.015121397568982616,1.0,0.0,0.0,0.0,0.0,1.0
CleanHouse,176,0.3560606060606059,0.4271410714851652,14.0,22.0,308.0,160.0,148.0,0.4805194805194805,235.0,1.0,1.0,2.9375,1.0,4.0,3.0,37.0,120.0,37.0,14.224609375,1.0,23.0,308.0,2.7921763479880207e-16,0.001766529099016193,0.003902293048701797,0.005209733141318984,0.005709775159054869,0.015121397568982616,1.0,0.0,0.0,0.0,0.0,1.0
CleanHouse,177,0.7348484848484849,0.4271410714851652,14.0,22.0,308.0,160.0,148.0,0.4805194805194805,235.0,1.0,1.0,2.9375,1.0,4.0,3.0,37.0,120.0,37.0,14.224609375,1.0,23.0,308.0,2.7921763479880207e-16,0.001766529099016193,0.003902293048701797,0.005209733141318984,0.005709775159054869,0.015121397568982616,1.0,0.0,0.0,0.0,0.0,1.0
CleanHouse,178,0.6212121212121212,0.43572132862267904,14.0,22.0,308.0,160.0,148.0,0.4805194805194805,235.0,1.0,1.0,2.9375,1.0,4.0,3.0,37.0,120.0,37.0,14.224609375,1.0,23.0,308.0,2.7921763479880207e-16,0.001766529099016193,0.003902293048701797,0.005209733141318984,0.005709775159054869,0.015121397568982616,1.0,0.0,0.0,0.0,0.0,1.0
CleanHouse,179,0.7272727272727272,0.4231587892051195,14.0,22.0,308.0,160.0,148.0,0.4805194805194805,235.0,1.0,1.0,2.9375,1.0,4.0,3.0,37.0,120.0,37.0,14.224609375,1.0,23.0,308.0,2.7921763479880207e-16,0.001766529099016193,0.003902293048701797,0.005209733141318984,0.005709775159054869,0.015121397568982616,1.0,0.0,0.0,0.0,0.0,1.0
CleanHouse,180,0.44696969696969696,0.41570136116118034,14.0,22.0,308.0,160.0,148.0,0.4805194805194805,235.0,1.0,1.0,2.9375,1.0,4.0,3.0,37.0,120.0,37.0,14.224609375,1.0,23.0,308.0,2.7921763479880207e-16,0.001766529099016193,0.003902293048701797,0.005209733141318984,0.005709775159054869,0.015121397568982616,1.0,0.0,0.0,0.0,0.0,1.0
CleanHouse,181,0.6136363636363636,0.4298199379546753,14.0,22.0,308.0,160.0,148.0,0.4805194805194805,235.0,1.0,1.0,2.9375,1.0,4.0,3.0,37.0,120.0,37.0,14.224609375,1.0,23.0,308.0,2.7921763479880207e-16,0.001766529099016193,0.003902293048701797,0.005209733141318984,0.005709775159054869,0.015121397568982616,1.0,0.0,0.0,0.0,0.0,1.0
CleanHouse,182,0.39393939393939387,0.3845023497105916,14.0,22.0,308.0,160.0,148.0,0.4805194805194805,235.0,1.0,1.0,2.9375,1.0,4.0,3.0,37.0,120.0,37.0,14.224609375,1.0,23.0,308.0,2.7921763479880207e-16,0.001766529099016193,0.003902293048701797,0.005209733141318984,0.005709775159054869,0.015121397568982616,1.0,0.0,0.0,0.0,0.0,1.0
CleanHouse,183,0.6515151515151515,0.4179731583070826,14.0,22.0,308.0,160.0,148.0,0.4805194805194805,235.0,1.0,1.0,2.9375,1.0,4.0,3.0,37.0,120.0,37.0,14.224609375,1.0,23.0,308.0,2.7921763479880207e-16,0.001766529099016193,0.003902293048701797,0.005209733141318984,0.005709775159054869,0.015121397568982616,1.0,0.0,0.0,0.0,0.0,1.0
CleanHouse,184,0.606060606060606,0.4412187811685163,14.0,22.0,308.0,160.0,148.0,0.4805194805194805,235.0,1.0,1.0,2.9375,1.0,4.0,3.0,37.0,120.0,37.0,14.224609375,1.0,23.0,308.0,2.7921763479880207e-16,0.001766529099016193,0.003902293048701797,0.005209733141318984,0.005709775159054869,0.015121397568982616,1.0,0.0,0.0,0.0,0.0,1.0
CleanHouse,185,0.45454545454545453,0.3784847271756606,14.0,22.0,308.0,160.0,148.0,0.4805194805194805,235.0,1.0,1.0,2.9375,1.0,4.0,3.0,37.0,120.0,37.0,14.224609375,1.0,23.0,308.0,2.7921763479880207e-16,0.001766529099016193,0.003902293048701797,0.005209733141318984,0.005709775159054869,0.015121397568982616,1.0,0.0,0.0,0.0,0.0,1.0
CleanHouse,186,0.7348484848484849,0.42552565666617037,14.0,22.0,308.0,160.0,148.0,0.4805194805194805,235.0,1.0,1.0,2.9375,1.0,4.0,3.0,37.0,120.0,37.0,14.224609375,1.0,23.0,308.0,2.7921763479880207e-16,0.001766529099016193,0.003902293048701797,0.005209733141318984,0.005709775159054869,0.015121397568982616,1.0,0.0,0.0,0.0,0.0,1.0
CleanHouse,187,0.7727272727272728,0.3607842696906261,14.0,22.0,308.0,160.0,148.0,0.4805194805194805,235.0,1.0,1.0,2.9375,1.0,4.0,3.0,37.0,120.0,37.0,14.224609375,1.0,23.0,308.0,2.7921763479880207e-16,0.001766529099016193,0.003902293048701797,0.005209733141318984,0.005709775159054869,0.015121397568982616,1.0,0.0,0.0,0.0,0.0,1.0
CleanHouse,188,0.7272727272727274,0.3927721635398704,14.0,22.0,308.0,160.0,148.0,0.4805194805194805,235.0,1.0,1.0,2.9375,1.0,4.0,3.0,37.0,120.0,37.0,14.224609375,1.0,23.0,308.0,2.7921763479880207e-16,0.001766529099016193,0.003902293048701797,0.005209733141318984,0.005709775159054869,0.015121397568982616,1.0,0.0,0.0,0.0,0.0,1.0
CleanHouse,189,0.7954545454545454,0.3619753731939483,14.0,22.0,308.0,160.0,148.0,0.4805194805194805,235.0,1.0,1.0,2.9375,1.0,4.0,3.0,37.0,120.0,37.0,14.224609375,1.0,23.0,308.0,2.7921763479880207e-16,0.001766529099016193,0.003902293048701797,0.005209733141318984,0.005709775159054869,0.015121397568982616,1.0,0.0,0.0,0.0,0.0,1.0
CleanHouse,190,0.6590909090909091,0.3542831197299977,14.0,22.0,308.0,160.0,148.0,0.4805194805194805,235.0,1.0,1.0,2.9375,1.0,4.0,3.0,37.0,120.0,37.0,14.224609375,1.0,23.0,308.0,2.7921763479880207e-16,0.001766529099016193,0.003902293048701797,0.005209733141318984,0.005709775159054869,0.015121397568982616,1.0,0.0,0.0,0.0,0.0,1.0
CleanHouse,191,0.5227272727272727,0.4592558959462933,14.0,22.0,308.0,160.0,148.0,0.4805194805194805,235.0,1.0,1.0,2.9375,1.0,4.0,3.0,37.0,120.0,37.0,14.224609375,1.0,23.0,308.0,2.7921763479880207e-16,0.001766529099016193,0.003902293048701797,0.005209733141318984,0.005709775159054869,0.015121397568982616,1.0,0.0,0.0,0.0,0.0,1.0
CleanHouse,192,0.4545454545454544,0.426401432711221,14.0,22.0,308.0,160.0,148.0,0.4805194805194805,235.0,1.0,1.0,2.9375,1.0,4.0,3.0,37.0,120.0,37.0,14.224609375,1.0,23.0,308.0,2.7921763479880207e-16,0.001766529099016193,0.003902293048701797,0.005209733141318984,0.005709775159054869,0.015121397568982616,1.0,0.0,0.0,0.0,0.0,1.0
CleanHouse,193,0.7575757575757577,0.3736008486647865,14.0,22.0,308.0,160.0,148.0,0.4805194805194805,235.0,1.0,1.0,2.9375,1.0,4.0,3.0,37.0,120.0,37.0,14.224609375,1.0,23.0,308.0,2.7921763479880207e-16,0.001766529099016193,0.003902293048701797,0.005209733141318984,0.005709775159054869,0.015121397568982616,1.0,0.0,0.0,0.0,0.0,1.0
CleanHouse,194,0.6212121212121212,0.41300039910421255,14.0,22.0,308.0,160.0,148.0,0.4805194805194805,235.0,1.0,1.0,2.9375,1.0,4.0,3.0,37.0,120.0,37.0,14.224609375,1.0,23.0,308.0,2.7921763479880207e-16,0.001766529099016193,0.003902293048701797,0.005209733141318984,0.005709775159054869,0.015121397568982616,1.0,0.0,0.0,0.0,0.0,1.0
CleanHouse,195,0.6666666666666666,0.3845023497105916,14.0,22.0,308.0,160.0,148.0,0.4805194805194805,235.0,1.0,1.0,2.9375,1.0,4.0,3.0,37.0,120.0,37.0,14.224609375,1.0,23.0,308.0,2.7921763479880207e-16,0.001766529099016193,0.003902293048701797,0.005209733141318984,0.005709775159054869,0.015121397568982616,1.0,0.0,0.0,0.0,0.0,1.0
CleanHouse,196,0.5606060606060606,0.3799980667874077,14.0,22.0,308.0,160.0,148.0,0.4805194805194805,235.0,1.0,1.0,2.9375,1.0,4.0,3.0,37.0,120.0,37.0,14.224609375,1.0,23.0,308.0,2.7921763479880207e-16,0.001766529099016193,0.003902293048701797,0.005209733141318984,0.005709775159054869,0.015121397568982616,1.0,0.0,0.0,0.0,0.0,1.0
CleanHouse,197,0.35606060606060597,0.40902075717251796,14.0,22.0,308.0,160.0,148.0,0.4805194805194805,235.0,1.0,1.0,2.9375,1.0,4.0,3.0,37.0,120.0,37.0,14.224609375,1.0,23.0,308.0,2.7921763479880207e-16,0.001766529099016193,0.003902293048701797,0.005209733141318984,0.005709775159054869,0.015121397568982616,1.0,0.0,0.0,0.0,0.0,1.0
CleanHouse,198,0.4015151515151514,0.4759481378634871,14.0,22.0,308.0,160.0,148.0,0.4805194805194805,235.0,1.0,1.0,2.9375,1.0,4.0,3.0,37.0,120.0,37.0,14.224609375,1.0,23.0,308.0,2.7921763479880207e-16,0.001766529099016193,0.003902293048701797,0.005209733141318984,0.005709775159054869,0.015121397568982616,1.0,0.0,0.0,0.0,0.0,1.0
CleanHouse,199,0.49999999999999994,0.4107709609613928,14.0,22.0,308.0,160.0,148.0,0.4805194805194805,235.0,1.0,1.0,2.9375,1.0,4.0,3.0,37.0,120.0,37.0,14.224609375,1.0,23.0,308.0,2.7921763479880207e-16,0.001766529099016193,0.003902293048701797,0.005209733141318984,0.005709775159054869,0.015121397568982616,1.0,0.0,0.0,0.0,0.0,1.0
