env_seed,d_probe,gap_x,gap_y,gap_col,gap_row_offset,path_len,manhattan,detour,size
0,0.6666666666666667,6,5,6,4,12,12,0,9
1,0.8333333333333334,4,4,4,3,12,12,0,9
2,0.6666666666666667,6,2,6,1,12,12,0,9
3,0.5,6,1,6,0,12,12,0,9
4,0.75,5,7,5,6,12,12,0,9
5,0.75,5,6,5,5,12,12,0,9
6,1.0,4,4,4,3,12,12,0,9
7,0.6666666666666667,6,5,6,4,12,12,0,9
8,0.75,5,3,5,2,12,12,0,9
9,1.0,4,7,4,6,12,12,0,9
10,0.75,5,7,5,6,12,12,0,9
11,1.0,2,1,2,0,12,12,0,9
12,0.75,5,2,5,1,12,12,0,9
13,0.6666666666666667,6,7,6,6,12,12,0,9
14,1.0,2,6,2,5,12,12,0,9
15,0.6666666666666667,6,5,6,4,12,12,0,9
16,0.8333333333333334,4,4,4,3,12,12,0,9
17,0.8333333333333334,5,6,5,5,12,12,0,9
18,0.6666666666666667,6,3,6,2,12,12,0,9
19,0.9166666666666666,4,3,4,2,12,12,0,9
20,0.9166666666666666,6,2,6,1,12,12,0,9
21,0.9166666666666666,3,6,3,5,12,12,0,9
22,0.8333333333333334,5,3,5,2,12,12,0,9
23,0.6666666666666667,2,5,2,4,12,12,0,9
