job,condition,draw,search_seed,train_size,train_reward,heldout_reward,heldout_solve,n_prog_evals,n_env_evals,wall_s
0,full,0,7000,120,0.3354166666666668,0.2527777777777777,0.0,54,6480,16.624309062957764
5,random,1,7114,16,0.2916666666666666,0.2777777777777777,0.0,56,896,4.52595329284668
10,random,3,7039,16,0.3229166666666666,0.2777777777777778,0.0,77,1232,4.998714923858643
15,random,4,7254,16,0.2604166666666666,0.2583333333333333,0.0,35,560,0.9246225357055664
20,random,6,7179,16,0.3541666666666667,0.2833333333333332,0.0,48,768,10.182526350021362
25,band,0,7000,16,0.3020833333333333,0.2527777777777777,0.0,54,864,2.341505289077759
30,band,1,7215,16,0.3333333333333333,0.2527777777777778,0.0,123,1968,11.066213846206663
35,band,3,7140,16,0.4583333333333333,0.2972222222222222,0.0,79,1264,11.576674699783323
40,band,5,7065,16,0.6822916666666667,0.3555555555555554,0.1,124,1984,14.641211032867432
45,band,6,7280,16,0.40625,0.3722222222222222,0.0,69,1104,7.6886305809021
50,coverage,0,7101,16,0.1354166666666666,0.1416666666666666,0.0,42,672,1.173662185668945
55,coverage,2,7026,16,0.3802083333333333,0.3,0.0,78,1248,8.326573371887207
60,coverage,3,7241,16,0.3229166666666666,0.3583333333333333,0.2,72,1152,3.3170318603515625
65,coverage,5,7166,16,0.234375,0.2583333333333333,0.0,77,1232,2.2129275798797607
70,coverage,7,7091,16,0.5,0.4638888888888889,0.0,71,1136,2.82339096069336
75,both,0,7202,16,0.4583333333333333,0.3583333333333333,0.0,74,1184,3.347004175186157
80,both,2,7127,16,0.4583333333333333,0.3,0.0,139,2224,9.36104702949524
85,both,4,7052,16,0.4479166666666667,0.2833333333333333,0.0,84,1344,13.2945716381073
90,both,5,7267,16,0.484375,0.2999999999999999,0.0,68,1088,35.721901655197144
95,both,7,7192,16,0.4375,0.3194444444444445,0.0,91,1456,5.913248777389526
1,random,0,7000,16,0.3489583333333333,0.2527777777777777,0.0,54,864,2.440741777420044
6,random,1,7215,16,0.4270833333333333,0.4472222222222222,0.2,96,1536,11.472404956817629
11,random,3,7140,16,0.4583333333333333,0.2805555555555556,0.0,87,1392,20.418620347976685
16,random,5,7065,16,0.265625,0.2583333333333333,0.0,49,784,1.6726160049438477
21,random,6,7280,16,0.3645833333333333,0.3722222222222222,0.0,69,1104,6.837416648864746
26,band,0,7101,16,0.1458333333333333,0.1416666666666666,0.0,42,672,1.117625713348389
31,band,2,7026,16,0.4583333333333333,0.3,0.0,78,1248,9.498995065689089
36,band,3,7241,16,0.4635416666666667,0.3555555555555555,0.0,83,1328,19.49509978294373
41,band,5,7166,16,0.2291666666666666,0.2249999999999999,0.0,38,608,0.9813079833984376
46,band,7,7091,16,0.2447916666666666,0.2583333333333333,0.0,46,736,1.5526609420776367
51,coverage,0,7202,16,0.4166666666666666,0.3583333333333333,0.0,74,1184,3.0917012691497803
56,coverage,2,7127,16,0.328125,0.2805555555555556,0.0,81,1296,3.263974666595459
61,coverage,4,7052,16,0.3177083333333333,0.3499999999999999,0.0,53,848,5.794122934341431
66,coverage,5,7267,16,0.4010416666666667,0.275,0.1333333333333333,98,1568,10.377182245254517
71,coverage,7,7192,16,0.3281249999999999,0.3583333333333333,0.2,79,1264,8.136857986450195
76,both,1,7013,16,0.3072916666666667,0.2666666666666666,0.0,68,1088,3.4131600856781006
81,both,2,7228,16,0.4375,0.3277777777777776,0.0,129,2064,5.317403316497803
86,both,4,7153,16,0.421875,0.3111111111111111,0.0,62,992,5.402923345565796
91,both,6,7078,16,0.4947916666666667,0.3277777777777778,0.0,92,1472,31.86290454864502
96,both,7,7293,16,0.5364583333333334,0.4638888888888889,0.0,49,784,2.924992084503174
2,random,0,7101,16,0.1562499999999999,0.1416666666666666,0.0,42,672,1.1207606792449951
7,random,2,7026,16,0.4114583333333333,0.2388888888888889,0.0,53,848,7.00612735748291
12,random,3,7241,16,0.203125,0.1916666666666667,0.0,40,640,2.1451404094696045
17,random,5,7166,16,0.265625,0.2583333333333333,0.0,77,1232,2.4305429458618164
22,random,7,7091,16,0.4375,0.325,0.0,97,1552,9.702926874160768
27,band,0,7202,16,0.4947916666666667,0.3472222222222221,0.0,127,2032,10.860121488571169
32,band,2,7127,16,0.4270833333333333,0.3138888888888889,0.0,142,2272,9.689515113830566
37,band,4,7052,16,0.3750000000000001,0.2833333333333333,0.0,84,1344,11.489362478256226
42,band,5,7267,16,0.5572916666666666,0.2833333333333334,0.0,51,816,6.232056140899658
47,band,7,7192,16,0.453125,0.2777777777777777,0.0,67,1072,4.618816137313843
52,coverage,1,7013,16,0.2291666666666666,0.2583333333333333,0.0,46,736,1.190354585647583
57,coverage,2,7228,16,0.3125,0.2972222222222222,0.0,68,1088,2.704518318176269
62,coverage,4,7153,16,0.4687499999999999,0.4472222222222222,0.2,50,800,3.2073187828063965
67,coverage,6,7078,16,0.3385416666666666,0.3583333333333333,0.2,55,880,6.65130615234375
72,coverage,7,7293,16,0.5,0.4638888888888889,0.0,49,784,2.728217124938965
77,both,1,7114,16,0.4114583333333333,0.2777777777777777,0.0,56,896,6.374315977096558
82,both,3,7039,16,0.4010416666666666,0.3222222222222222,0.0,109,1744,9.901013851165771
87,both,4,7254,16,0.25,0.2583333333333333,0.0,35,560,0.8881101608276367
92,both,6,7179,16,0.4010416666666666,0.2833333333333332,0.0,48,768,11.7653546333313
3,random,0,7202,16,0.4583333333333333,0.3194444444444445,0.0,69,1104,7.314313888549805
8,random,2,7127,16,0.4635416666666667,0.2805555555555556,0.0,81,1296,3.4345366954803467
13,random,4,7052,16,0.5625,0.4277777777777778,0.1666666666666666,56,896,10.92232632637024
18,random,5,7267,16,0.359375,0.2833333333333334,0.0,51,816,5.5024378299713135
23,random,7,7192,16,0.4739583333333334,0.325,0.0,123,1968,8.918136596679688
28,band,1,7013,16,0.1979166666666666,0.2583333333333333,0.0,46,736,1.1390092372894287
33,band,2,7228,16,0.4166666666666667,0.3277777777777776,0.0,129,2064,5.617207050323486
38,band,4,7153,16,0.390625,0.3111111111111111,0.0,62,992,5.320133924484253
43,band,6,7078,16,0.5208333333333333,0.3638888888888889,0.0,69,1104,16.640652179718018
48,band,7,7293,16,0.5677083333333335,0.4638888888888889,0.0,49,784,3.0224080085754395
53,coverage,1,7114,16,0.265625,0.2777777777777777,0.0,56,896,4.825181245803833
58,coverage,3,7039,16,0.34375,0.3388888888888889,0.0,50,800,3.490046262741089
63,coverage,4,7254,16,0.2395833333333333,0.2583333333333333,0.0,35,560,0.8335607051849365
68,coverage,6,7179,16,0.3385416666666666,0.3583333333333333,0.2,82,1312,6.2376389503479
73,both,0,7000,16,0.34375,0.2527777777777777,0.0,54,864,2.4498159885406494
78,both,1,7215,16,0.296875,0.2277777777777777,0.0,48,768,2.946296215057373
83,both,3,7140,16,0.421875,0.2972222222222222,0.0,79,1264,11.629010200500488
88,both,5,7065,16,0.4375,0.3111111111111111,0.0,68,1088,3.732193946838379
93,both,6,7280,16,0.4375,0.3194444444444445,0.0,104,1664,10.767035722732544
4,random,1,7013,16,0.296875,0.2833333333333333,0.0,102,1632,5.605893135070801
9,random,2,7228,16,0.515625,0.275,0.1333333333333333,123,1968,9.937836408615112
14,random,4,7153,16,0.5,0.4472222222222222,0.2,50,800,3.191859245300293
19,random,6,7078,16,0.4999999999999999,0.325,0.0,133,2128,38.16155886650085
24,random,7,7293,16,0.5260416666666666,0.4638888888888889,0.0,49,784,2.897257804870605
29,band,1,7114,16,0.3854166666666667,0.2777777777777777,0.0,56,896,5.535954475402832
34,band,3,7039,16,0.3229166666666667,0.2055555555555555,0.0,72,1152,3.556396484375
39,band,4,7254,16,0.2187499999999999,0.2583333333333333,0.0,35,560,0.7674918174743652
44,band,6,7179,16,0.3749999999999999,0.2833333333333332,0.0,48,768,9.965892791748049
49,coverage,0,7000,16,0.296875,0.2527777777777777,0.0,54,864,2.5130536556243896
54,coverage,1,7215,16,0.2291666666666666,0.2583333333333333,0.0,34,544,1.294435739517212
59,coverage,3,7140,16,0.2291666666666667,0.2583333333333333,0.0,53,848,1.937344074249268
64,coverage,5,7065,16,0.3281249999999999,0.3583333333333333,0.2,61,976,2.340540885925293
69,coverage,6,7280,16,0.3489583333333333,0.3722222222222222,0.0,69,1104,6.604333162307739
74,both,0,7101,16,0.1562499999999999,0.1416666666666666,0.0,42,672,1.0991058349609375
79,both,2,7026,16,0.4895833333333333,0.3,0.0,78,1248,9.560798645019531
84,both,3,7241,16,0.4583333333333333,0.3555555555555555,0.0,83,1328,20.5483512878418
89,both,5,7166,16,0.25,0.2249999999999999,0.0,38,608,0.955258846282959
94,both,7,7091,16,0.4947916666666667,0.3194444444444445,0.0,100,1600,61.87226223945618
