gap_x,gap_y,gap_col,gap_row_offset,path_len,manhattan,detour,size,env_seed,d_probe,pool_id
5,5,5,4,12,12,0,9,140,0.75,0
6,7,6,6,12,12,0,9,93,0.6666666666666667,1
5,2,5,1,12,12,0,9,209,0.75,2
6,1,6,0,12,12,0,9,3,0.5,3
4,1,4,0,12,12,0,9,150,0.5,4
5,5,5,4,12,12,0,9,138,0.75,5
3,1,3,0,12,12,0,9,126,0.5,6
5,7,5,6,12,12,0,9,10,0.75,7
2,5,2,4,12,12,0,9,148,0.6666666666666667,8
5,7,5,6,12,12,0,9,82,0.75,9
5,5,5,4,12,12,0,9,228,0.75,10
6,5,6,4,12,12,0,9,225,0.6666666666666667,11
6,5,6,4,12,12,0,9,89,0.6666666666666667,12
6,7,6,6,12,12,0,9,194,0.6666666666666667,13
6,2,6,1,12,12,0,9,32,0.6666666666666667,14
2,5,2,4,12,12,0,9,123,0.6666666666666667,15
5,5,5,4,12,12,0,9,232,0.75,16
4,1,4,0,12,12,0,9,162,0.5,17
5,7,5,6,12,12,0,9,249,0.75,18
5,2,5,1,12,12,0,9,75,0.75,19
2,5,2,4,12,12,0,9,23,0.6666666666666667,20
5,3,5,2,12,12,0,9,22,0.75,21
6,5,6,4,12,12,0,9,0,0.6666666666666667,22
2,5,2,4,12,12,0,9,200,0.6666666666666667,23
5,2,5,1,12,12,0,9,91,0.75,24
5,7,5,6,12,12,0,9,134,0.75,25
6,4,6,3,12,12,0,9,73,0.6666666666666667,26
5,7,5,6,12,12,0,9,153,0.75,27
5,6,5,5,12,12,0,9,5,0.75,28
2,5,2,4,12,12,0,9,97,0.6666666666666667,29
5,5,5,4,12,12,0,9,59,0.75,30
5,6,5,5,12,12,0,9,17,0.75,31
5,6,5,5,12,12,0,9,50,0.75,32
5,5,5,4,12,12,0,9,128,0.75,33
6,6,6,5,12,12,0,9,55,0.6666666666666667,34
5,3,5,2,12,12,0,9,70,0.75,35
2,5,2,4,12,12,0,9,212,0.6666666666666667,36
5,2,5,1,12,12,0,9,246,0.75,37
6,5,6,4,12,12,0,9,15,0.6666666666666667,38
6,6,6,5,12,12,0,9,80,0.6666666666666667,39
3,1,3,0,12,12,0,9,184,0.5,40
6,1,6,0,12,12,0,9,136,0.5,41
5,6,5,5,12,12,0,9,84,0.75,42
6,6,6,5,12,12,0,9,166,0.6666666666666667,43
6,5,6,4,12,12,0,9,45,0.6666666666666667,44
6,4,6,3,12,12,0,9,243,0.6666666666666667,45
4,1,4,0,12,12,0,9,164,0.5,46
6,3,6,2,12,12,0,9,245,0.6666666666666667,47
6,6,6,5,12,12,0,9,96,0.6666666666666667,48
5,3,5,2,12,12,0,9,67,0.75,49
6,6,6,5,12,12,0,9,124,0.6666666666666667,50
6,2,6,1,12,12,0,9,2,0.6666666666666667,51
6,5,6,4,12,12,0,9,240,0.6666666666666667,52
5,3,5,2,12,12,0,9,238,0.75,53
5,7,5,6,12,12,0,9,220,0.75,54
2,5,2,4,12,12,0,9,27,0.6666666666666667,55
2,5,2,4,12,12,0,9,219,0.6666666666666667,56
6,7,6,6,12,12,0,9,197,0.6666666666666667,57
4,1,4,0,12,12,0,9,127,0.5,58
6,4,6,3,12,12,0,9,161,0.6666666666666667,59
5,3,5,2,12,12,0,9,78,0.75,60
6,1,6,0,12,12,0,9,156,0.5,61
5,6,5,5,12,12,0,9,181,0.75,62
5,2,5,1,12,12,0,9,182,0.75,63
5,6,5,5,12,12,0,9,100,0.75,64
6,5,6,4,12,12,0,9,192,0.6666666666666667,65
3,5,3,4,12,12,0,9,105,0.9166666666666666,66
2,1,2,0,12,12,0,9,142,1.0,67
3,6,3,5,12,12,0,9,141,0.9166666666666666,68
3,5,3,4,12,12,0,9,180,0.9166666666666666,69
2,6,2,5,12,12,0,9,47,1.0,70
3,6,3,5,12,12,0,9,210,0.9166666666666666,71
4,3,4,2,12,12,0,9,19,0.9166666666666666,72
4,7,4,6,12,12,0,9,158,1.0,73
3,7,3,6,12,12,0,9,223,0.9166666666666666,74
3,2,3,1,12,12,0,9,116,0.9166666666666666,75
2,1,2,0,12,12,0,9,233,1.0,76
3,7,3,6,12,12,0,9,174,0.9166666666666666,77
3,7,3,6,12,12,0,9,201,0.9166666666666666,78
3,7,3,6,12,12,0,9,51,0.9166666666666666,79
4,7,4,6,12,12,0,9,110,1.0,80
2,7,2,6,12,12,0,9,79,1.0,81
4,7,4,6,12,12,0,9,137,1.0,82
2,1,2,0,12,12,0,9,34,1.0,83
4,2,4,1,12,12,0,9,25,0.8333333333333334,84
4,2,4,1,12,12,0,9,241,0.8333333333333334,85
4,4,4,3,12,12,0,9,135,0.8333333333333334,86
4,2,4,1,12,12,0,9,187,0.8333333333333334,87
5,4,5,3,12,12,0,9,193,0.8333333333333334,88
4,4,4,3,12,12,0,9,6,0.8333333333333334,89
4,5,4,4,12,12,0,9,145,0.8333333333333334,90
4,4,4,3,12,12,0,9,63,0.8333333333333334,91
5,4,5,3,12,12,0,9,177,0.8333333333333334,92
5,4,5,3,12,12,0,9,87,0.8333333333333334,93
4,5,4,4,12,12,0,9,62,0.8333333333333334,94
4,5,4,4,12,12,0,9,199,0.8333333333333334,95
5,4,5,3,12,12,0,9,235,0.8333333333333334,96
4,5,4,4,12,12,0,9,248,0.8333333333333334,97
4,6,4,5,12,12,0,9,40,0.8333333333333334,98
5,4,5,3,12,12,0,9,130,0.8333333333333334,99
4,5,4,4,12,12,0,9,43,0.8333333333333334,100
5,4,5,3,12,12,0,9,237,0.8333333333333334,101
4,4,4,3,12,12,0,9,227,0.8333333333333334,102
4,4,4,3,12,12,0,9,95,0.8333333333333334,103
4,4,4,3,12,12,0,9,63,0.8333333333333334,104
4,4,4,3,12,12,0,9,1,0.8333333333333334,105
4,4,4,3,12,12,0,9,109,0.8333333333333334,106
4,4,4,3,12,12,0,9,16,0.8333333333333334,107
4,6,4,5,12,12,0,9,163,0.8333333333333334,108
4,6,4,5,12,12,0,9,76,0.8333333333333334,109
4,6,4,5,12,12,0,9,236,0.8333333333333334,110
4,6,4,5,12,12,0,9,178,0.8333333333333334,111
4,6,4,5,12,12,0,9,234,0.8333333333333334,112
4,6,4,5,12,12,0,9,40,0.8333333333333334,113
5,4,5,3,12,12,0,9,235,0.8333333333333334,114
5,4,5,3,12,12,0,9,204,0.8333333333333334,115
5,4,5,3,12,12,0,9,193,0.8333333333333334,116
5,4,5,3,12,12,0,9,237,0.8333333333333334,117
5,4,5,3,12,12,0,9,87,0.8333333333333334,118
5,4,5,3,12,12,0,9,175,0.8333333333333334,119
