task_name,mean_best_reward,median_best_reward,solve_rate,difficulty,mean_programs,log_mean_programs
MazeSparse,1.0,1.0,1.0,0.0,258.2,2.2767
StairClimberSparse,1.0,1.0,1.0,0.0,660.0,2.7679
FourCorners,1.0,1.0,1.0,0.0,1340.8,3.0521
TopOff,1.0,1.0,1.0,0.0,2375.0,3.0825
Harvester,1.0,1.0,1.0,-0.0,1736.8,3.0622
CleanHouse,1.0,1.0,1.0,-0.0,497.0,2.4246
DoorKey,0.5,0.5,0.0,0.5,10403.8,4.0171
OneStroke,0.935045,0.937054,0.0,0.064955,10218.5,4.0094
Seeder,0.93316,0.956163,0.0,0.06684,10221.5,4.0095
Snake,0.188281,0.19375,0.0,0.811719,10259.5,4.0111
WallAvoider,0.121094,0.121094,0.0,0.878906,10093.8,4.004
PathFollow,0.259943,0.254261,0.0,0.740057,10260.0,4.011
