task_name,heuristic_wall_fraction,heuristic_dead_end_ratio,heuristic_diameter_norm,heuristic_inverse_fiedler,heuristic_inverse_fiedler_norm,heuristic_subgoal_density,heuristic_composite,heuristic_graph_complexity
clean_house,0.4805194805194805,0.01875,0.5138888888888888,566.0818157804295,1.0,0.06875,0.615492176282098,1.0
door_key,0.42,0.05387931034482758,0.5,64.0,0.04562028049647865,0.05387931034482758,0.29840820741669416,0.0
four_corners,0.31,0.0,0.5,144.00000000000094,0.19768788215140926,0.040257648953301126,0.0425140277343051,0.0
harvester,0.44,0.0,0.5,64.0,0.04562028049647865,1.7857142857142856,0.3174573894326291,0.0
maze,0.4,0.052083333333333336,0.5,64.0,0.04562028049647865,0.026041666666666668,0.27216250328108005,0.0
one_stroke,0.44,0.0,0.5,64.0,0.04562028049647865,1.7857142857142856,0.3174573894326291,0.0
path_follow,0.44,0.0,0.5,64.0,0.04562028049647865,0.33482142857142855,0.1536835932400199,0.0
seeder,0.44,0.0,0.5,64.0,0.04562028049647865,1.7857142857142856,0.3174573894326291,0.0
snake,0.44,0.055803571428571425,0.5,64.0,0.04562028049647865,0.5580357142857142,0.3788795618850367,0.0
stair_climber,0.5,0.027777777777777776,0.5,144.00000000000094,0.19768788215140926,0.013888888888888888,0.2974264653191707,0.0
top_off,0.31,0.0,0.5,144.00000000000094,0.19768788215140926,0.06038647342995169,0.044786127966383905,0.0
wall_avoider,0.55,0.0,0.5,40.0,0.0,1.0,0.3113101903695409,0.0
