task,grid_seed,mean_difficulty,std_difficulty,grid_height,grid_width,grid_area,graph_num_free_cells,graph_num_wall_cells,graph_wall_fraction,graph_num_edges,graph_num_components,graph_largest_component_frac,graph_mean_degree,graph_min_degree,graph_max_degree,graph_num_deadends,graph_num_corridor_cells,graph_num_branch_cells,graph_diameter,graph_mean_pair_distance,graph_start_reachable_frac,graph_start_eccentricity,graph_num_markers,spectral_lambda_0,spectral_lambda_1,spectral_lambda_2,spectral_lambda_3,spectral_lambda_4,spectral_lambda_5,reward_pick_markers,reward_put_markers,reward_reach_goal,reward_visit_cells,reward_sparse,reward_crash_penalty_used,probe_move_20_reward,probe_move_20_crashed,probe_move_20_steps,probe_move_pick_10_reward,probe_move_pick_10_crashed,probe_move_pick_10_steps,probe_move_put_10_reward,probe_move_put_10_crashed,probe_move_put_10_steps,probe_turn_move_20_reward,probe_turn_move_20_crashed,probe_turn_move_20_steps,probe_while_front_move_reward,probe_while_front_move_crashed,probe_while_front_move_steps,probe_while_front_move_pick_reward,probe_while_front_move_pick_crashed,probe_while_front_move_pick_steps,probe_zigzag_reward,probe_zigzag_crashed,probe_zigzag_steps,probe_zigzag_right_reward,probe_zigzag_right_crashed,probe_zigzag_right_steps,probe_pick_20_reward,probe_pick_20_crashed,probe_pick_20_steps,probe_put_20_reward,probe_put_20_crashed,probe_put_20_steps,random_mean_reward,random_max_reward,random_median_reward,random_std_reward,random_pct_positive,random_pct_perfect,random_crash_rate,best_probe_reward,any_probe_positive,trunc_search_difficulty
Snake,0,0.8999999999999999,0.0790569415042094,8.0,8.0,64.0,36.0,28.0,0.4375,60.0,1.0,1.0,3.3333333333333335,2.0,4.0,0.0,4.0,32.0,10.0,3.888888888888889,1.0,9.0,64.0,5.176604194463639e-16,0.08723068393433,0.0872306839343304,0.1909830056250534,0.3137405333196636,0.3137405333196644,0.0,0.0,1.0,1.0,1.0,1.0,-1.0,0.0,6.0,-1.0,0.0,11.0,-1.0,0.0,11.0,0.0,0.0,40.0,0.0,0.0,4.0,0.0,0.0,8.0,0.05,0.0,29.0,-1.0,0.0,7.0,0.0,0.0,20.0,0.0,0.0,20.0,-0.07400000000000001,0.15000000000000002,0.0,0.2746343023003499,0.04,0.0,0.0,0.05,1.0,1.0
Snake,1,0.8041666666666666,0.1464273615900464,8.0,8.0,64.0,36.0,28.0,0.4375,60.0,1.0,1.0,3.3333333333333335,2.0,4.0,0.0,4.0,32.0,10.0,3.888888888888889,1.0,6.0,64.0,5.176604194463639e-16,0.08723068393433,0.0872306839343304,0.1909830056250534,0.3137405333196636,0.3137405333196644,0.0,0.0,1.0,1.0,1.0,1.0,-1.0,0.0,5.0,-1.0,0.0,9.0,-1.0,0.0,9.0,0.0,0.0,40.0,0.0,0.0,3.0,0.0,0.0,6.0,0.1,0.0,26.0,0.05,0.0,25.0,0.0,0.0,20.0,0.0,0.0,20.0,-0.08,0.0,0.0,0.2712931993250107,0.0,0.0,0.0,0.1,1.0,1.0
Snake,2,0.9291666666666668,0.0518745816582863,8.0,8.0,64.0,36.0,28.0,0.4375,60.0,1.0,1.0,3.3333333333333335,2.0,4.0,0.0,4.0,32.0,10.0,3.888888888888889,1.0,9.0,64.0,5.176604194463639e-16,0.08723068393433,0.0872306839343304,0.1909830056250534,0.3137405333196636,0.3137405333196644,0.0,0.0,1.0,1.0,1.0,1.0,-1.0,0.0,6.0,-1.0,0.0,11.0,-1.0,0.0,11.0,0.0,0.0,40.0,0.0,0.0,4.0,0.0,0.0,8.0,0.05,0.0,29.0,-1.0,0.0,7.0,0.0,0.0,20.0,0.0,0.0,20.0,-0.098,0.1,0.0,0.30099169423756533,0.02,0.0,0.0,0.05,1.0,1.0
Snake,3,0.8374999999999999,0.0960143218483575,8.0,8.0,64.0,36.0,28.0,0.4375,60.0,1.0,1.0,3.3333333333333335,2.0,4.0,0.0,4.0,32.0,10.0,3.888888888888889,1.0,8.0,64.0,5.176604194463639e-16,0.08723068393433,0.0872306839343304,0.1909830056250534,0.3137405333196636,0.3137405333196644,0.0,0.0,1.0,1.0,1.0,1.0,-1.0,0.0,4.0,-1.0,0.0,7.0,-1.0,0.0,7.0,0.0,0.0,40.0,0.0,0.0,2.0,0.0,0.0,4.0,-1.0,0.0,5.0,0.0,0.0,25.0,0.0,0.0,20.0,0.0,0.0,20.0,-0.019,0.05,0.0,0.1403174971270511,0.02,0.0,0.0,0.0,0.0,0.95
Snake,4,0.7458333333333332,0.2304509468170805,8.0,8.0,64.0,36.0,28.0,0.4375,60.0,1.0,1.0,3.3333333333333335,2.0,4.0,0.0,4.0,32.0,10.0,3.888888888888889,1.0,8.0,64.0,5.176604194463639e-16,0.08723068393433,0.0872306839343304,0.1909830056250534,0.3137405333196636,0.3137405333196644,0.0,0.0,1.0,1.0,1.0,1.0,-1.0,0.0,4.0,-1.0,0.0,7.0,-1.0,0.0,7.0,0.0,0.0,40.0,0.0,0.0,2.0,0.0,0.0,4.0,0.05,0.0,27.0,-1.0,0.0,5.0,0.0,0.0,20.0,0.0,0.0,20.0,-0.16200000000000003,0.6,0.0,0.3882730997635556,0.02,0.0,0.0,0.05,1.0,1.0
Snake,5,0.7124999999999999,0.2467497044915488,8.0,8.0,64.0,36.0,28.0,0.4375,60.0,1.0,1.0,3.3333333333333335,2.0,4.0,0.0,4.0,32.0,10.0,3.888888888888889,1.0,9.0,64.0,5.176604194463639e-16,0.08723068393433,0.0872306839343304,0.1909830056250534,0.3137405333196636,0.3137405333196644,0.0,0.0,1.0,1.0,1.0,1.0,-1.0,0.0,3.0,-1.0,0.0,5.0,-1.0,0.0,5.0,0.0,0.0,40.0,0.0,0.0,1.0,0.0,0.0,2.0,0.05,0.0,26.0,-1.0,0.0,4.0,0.0,0.0,20.0,0.0,0.0,20.0,-0.059000000000000004,0.05,0.0,0.23784238478454583,0.02,0.0,0.0,0.05,1.0,1.0
Snake,6,0.8708333333333331,0.0476896797594149,8.0,8.0,64.0,36.0,28.0,0.4375,60.0,1.0,1.0,3.3333333333333335,2.0,4.0,0.0,4.0,32.0,10.0,3.888888888888889,1.0,7.0,64.0,5.176604194463639e-16,0.08723068393433,0.0872306839343304,0.1909830056250534,0.3137405333196636,0.3137405333196644,0.0,0.0,1.0,1.0,1.0,1.0,-1.0,0.0,4.0,-1.0,0.0,7.0,-1.0,0.0,7.0,0.0,0.0,40.0,0.0,0.0,2.0,0.0,0.0,4.0,0.0,0.0,23.0,0.0,0.0,26.0,0.0,0.0,20.0,0.0,0.0,20.0,-0.14,0.0,0.0,0.3469870314579494,0.0,0.0,0.0,0.0,0.0,1.0
Snake,7,0.9416666666666668,0.0493006648591634,8.0,8.0,64.0,36.0,28.0,0.4375,60.0,1.0,1.0,3.3333333333333335,2.0,4.0,0.0,4.0,32.0,10.0,3.888888888888889,1.0,8.0,64.0,5.176604194463639e-16,0.08723068393433,0.0872306839343304,0.1909830056250534,0.3137405333196636,0.3137405333196644,0.0,0.0,1.0,1.0,1.0,1.0,-1.0,0.0,3.0,-1.0,0.0,5.0,-1.0,0.0,5.0,0.0,0.0,40.0,0.0,0.0,1.0,0.0,0.0,2.0,0.0,0.0,25.0,0.0,0.0,22.0,0.0,0.0,20.0,0.0,0.0,20.0,-0.16,0.0,0.0,0.36660605559646714,0.0,0.0,0.0,0.0,0.0,1.0
Snake,8,0.8249999999999998,0.2883140648667699,8.0,8.0,64.0,36.0,28.0,0.4375,60.0,1.0,1.0,3.3333333333333335,2.0,4.0,0.0,4.0,32.0,10.0,3.888888888888889,1.0,8.0,64.0,5.176604194463639e-16,0.08723068393433,0.0872306839343304,0.1909830056250534,0.3137405333196636,0.3137405333196644,0.0,0.0,1.0,1.0,1.0,1.0,-1.0,0.0,3.0,-1.0,0.0,5.0,-1.0,0.0,5.0,0.0,0.0,40.0,0.0,0.0,1.0,0.0,0.0,2.0,0.0,0.0,25.0,0.0,0.0,22.0,0.0,0.0,20.0,0.0,0.0,20.0,-0.139,0.0,0.0,0.34457074745253696,0.0,0.0,0.0,0.0,0.0,1.0
Snake,9,0.8708333333333336,0.1107894650025694,8.0,8.0,64.0,36.0,28.0,0.4375,60.0,1.0,1.0,3.3333333333333335,2.0,4.0,0.0,4.0,32.0,10.0,3.888888888888889,1.0,7.0,64.0,5.176604194463639e-16,0.08723068393433,0.0872306839343304,0.1909830056250534,0.3137405333196636,0.3137405333196644,0.0,0.0,1.0,1.0,1.0,1.0,-1.0,0.0,4.0,-1.0,0.0,7.0,-1.0,0.0,7.0,0.0,0.0,40.0,0.0,0.0,2.0,0.0,0.0,4.0,0.05,0.0,26.0,0.05,0.0,23.0,0.0,0.0,20.0,0.0,0.0,20.0,-0.19699999999999998,0.0,0.0,0.39451362460629924,0.0,0.0,0.0,0.05,1.0,1.0
Snake,10,0.6249999999999999,0.2545420724883544,8.0,8.0,64.0,36.0,28.0,0.4375,60.0,1.0,1.0,3.3333333333333335,2.0,4.0,0.0,4.0,32.0,10.0,3.888888888888889,1.0,8.0,64.0,5.176604194463639e-16,0.08723068393433,0.0872306839343304,0.1909830056250534,0.3137405333196636,0.3137405333196644,0.0,0.0,1.0,1.0,1.0,1.0,-1.0,0.0,5.0,-1.0,0.0,9.0,-1.0,0.0,9.0,0.0,0.0,40.0,0.0,0.0,3.0,0.0,0.0,6.0,0.05,0.0,28.0,-1.0,0.0,6.0,0.0,0.0,20.0,0.0,0.0,20.0,-0.06,0.0,0.0,0.23748684174075835,0.0,0.0,0.0,0.05,1.0,1.0
Snake,11,0.5750000000000001,0.219374109684803,8.0,8.0,64.0,36.0,28.0,0.4375,60.0,1.0,1.0,3.3333333333333335,2.0,4.0,0.0,4.0,32.0,10.0,3.888888888888889,1.0,8.0,64.0,5.176604194463639e-16,0.08723068393433,0.0872306839343304,0.1909830056250534,0.3137405333196636,0.3137405333196644,0.0,0.0,1.0,1.0,1.0,1.0,-1.0,0.0,5.0,-1.0,0.0,9.0,-1.0,0.0,9.0,0.0,0.0,40.0,0.0,0.0,3.0,0.0,0.0,6.0,-1.0,0.0,6.0,0.0,0.0,25.0,0.0,0.0,20.0,0.0,0.0,20.0,-0.1,0.0,0.0,0.3,0.0,0.0,0.0,0.0,0.0,1.0
Snake,12,0.9666666666666665,0.0235702260395516,8.0,8.0,64.0,36.0,28.0,0.4375,60.0,1.0,1.0,3.3333333333333335,2.0,4.0,0.0,4.0,32.0,10.0,3.888888888888889,1.0,7.0,64.0,5.176604194463639e-16,0.08723068393433,0.0872306839343304,0.1909830056250534,0.3137405333196636,0.3137405333196644,0.0,0.0,1.0,1.0,1.0,1.0,-1.0,0.0,3.0,-1.0,0.0,5.0,-1.0,0.0,5.0,0.0,0.0,40.0,0.0,0.0,1.0,0.0,0.0,2.0,0.05,0.0,24.0,0.05,0.0,23.0,0.0,0.0,20.0,0.0,0.0,20.0,-0.138,0.05,0.0,0.34793102764772216,0.04,0.0,0.0,0.05,1.0,1.0
Snake,13,0.9083333333333332,0.0493006648591634,8.0,8.0,64.0,36.0,28.0,0.4375,60.0,1.0,1.0,3.3333333333333335,2.0,4.0,0.0,4.0,32.0,10.0,3.888888888888889,1.0,8.0,64.0,5.176604194463639e-16,0.08723068393433,0.0872306839343304,0.1909830056250534,0.3137405333196636,0.3137405333196644,0.0,0.0,1.0,1.0,1.0,1.0,-1.0,0.0,4.0,-1.0,0.0,7.0,-1.0,0.0,7.0,0.0,0.0,40.0,0.0,0.0,2.0,0.0,0.0,4.0,-1.0,0.0,5.0,0.05,0.0,27.0,0.0,0.0,20.0,0.0,0.0,20.0,-0.06,0.0,0.0,0.23748684174075835,0.0,0.0,0.0,0.05,1.0,1.0
Snake,14,0.9291666666666668,0.1009503453298809,8.0,8.0,64.0,36.0,28.0,0.4375,60.0,1.0,1.0,3.3333333333333335,2.0,4.0,0.0,4.0,32.0,10.0,3.888888888888889,1.0,9.0,64.0,5.176604194463639e-16,0.08723068393433,0.0872306839343304,0.1909830056250534,0.3137405333196636,0.3137405333196644,0.0,0.0,1.0,1.0,1.0,1.0,-1.0,0.0,3.0,-1.0,0.0,5.0,-1.0,0.0,5.0,0.0,0.0,40.0,0.0,0.0,1.0,0.0,0.0,2.0,-1.0,0.0,4.0,0.0,0.0,26.0,0.0,0.0,20.0,0.0,0.0,20.0,-0.08,0.0,0.0,0.2712931993250107,0.0,0.0,0.0,0.0,0.0,1.0
Snake,15,0.8500000000000001,0.0763762615825973,8.0,8.0,64.0,36.0,28.0,0.4375,60.0,1.0,1.0,3.3333333333333335,2.0,4.0,0.0,4.0,32.0,10.0,3.888888888888889,1.0,9.0,64.0,5.176604194463639e-16,0.08723068393433,0.0872306839343304,0.1909830056250534,0.3137405333196636,0.3137405333196644,0.0,0.0,1.0,1.0,1.0,1.0,-1.0,0.0,6.0,-1.0,0.0,11.0,-1.0,0.0,11.0,0.0,0.0,40.0,0.0,0.0,4.0,0.0,0.0,8.0,0.1,0.0,29.0,-1.0,0.0,7.0,0.0,0.0,20.0,0.0,0.0,20.0,-0.059000000000000004,0.05,0.0,0.23784238478454586,0.02,0.0,0.0,0.1,1.0,1.0
Snake,16,0.7999999999999999,0.1554563175514802,8.0,8.0,64.0,36.0,28.0,0.4375,60.0,1.0,1.0,3.3333333333333335,2.0,4.0,0.0,4.0,32.0,10.0,3.888888888888889,1.0,7.0,64.0,5.176604194463639e-16,0.08723068393433,0.0872306839343304,0.1909830056250534,0.3137405333196636,0.3137405333196644,0.0,0.0,1.0,1.0,1.0,1.0,-1.0,0.0,5.0,-1.0,0.0,9.0,-1.0,0.0,9.0,0.0,0.0,40.0,0.0,0.0,3.0,0.0,0.0,6.0,0.05,0.0,24.0,0.05,0.0,27.0,0.0,0.0,20.0,0.0,0.0,20.0,-0.12,0.0,0.0,0.3249615361854384,0.0,0.0,0.0,0.05,1.0,1.0
Snake,17,0.7999999999999999,0.1338531533684084,8.0,8.0,64.0,36.0,28.0,0.4375,60.0,1.0,1.0,3.3333333333333335,2.0,4.0,0.0,4.0,32.0,10.0,3.888888888888889,1.0,8.0,64.0,5.176604194463639e-16,0.08723068393433,0.0872306839343304,0.1909830056250534,0.3137405333196636,0.3137405333196644,0.0,0.0,1.0,1.0,1.0,1.0,-1.0,0.0,3.0,-1.0,0.0,5.0,-1.0,0.0,5.0,0.0,0.0,40.0,0.0,0.0,1.0,0.0,0.0,2.0,0.05,0.0,22.0,0.05,0.0,25.0,0.0,0.0,20.0,0.0,0.0,20.0,-0.136,0.05,0.0,0.3432258731506119,0.04,0.0,0.0,0.05,1.0,1.0
Snake,18,0.8374999999999999,0.2693549393148998,8.0,8.0,64.0,36.0,28.0,0.4375,60.0,1.0,1.0,3.3333333333333335,2.0,4.0,0.0,4.0,32.0,10.0,3.888888888888889,1.0,6.0,64.0,5.176604194463639e-16,0.08723068393433,0.0872306839343304,0.1909830056250534,0.3137405333196636,0.3137405333196644,0.0,0.0,1.0,1.0,1.0,1.0,-1.0,0.0,4.0,-1.0,0.0,7.0,-1.0,0.0,7.0,0.0,0.0,40.0,0.0,0.0,2.0,0.0,0.0,4.0,0.05,0.0,25.0,0.05,0.0,24.0,0.0,0.0,20.0,0.0,0.0,20.0,-0.08,0.0,0.0,0.2712931993250107,0.0,0.0,0.0,0.05,1.0,1.0
Snake,19,0.8333333333333335,0.0687184270936276,8.0,8.0,64.0,36.0,28.0,0.4375,60.0,1.0,1.0,3.3333333333333335,2.0,4.0,0.0,4.0,32.0,10.0,3.888888888888889,1.0,8.0,64.0,5.176604194463639e-16,0.08723068393433,0.0872306839343304,0.1909830056250534,0.3137405333196636,0.3137405333196644,0.0,0.0,1.0,1.0,1.0,1.0,-1.0,0.0,5.0,-1.0,0.0,9.0,-1.0,0.0,9.0,0.0,0.0,40.0,0.0,0.0,3.0,0.0,0.0,6.0,0.1,0.0,28.0,-1.0,0.0,6.0,0.0,0.0,20.0,0.0,0.0,20.0,-0.04,0.0,0.0,0.19595917942265428,0.0,0.0,0.0,0.1,1.0,1.0
Snake,20,0.8958333333333335,0.0518745816582863,8.0,8.0,64.0,36.0,28.0,0.4375,60.0,1.0,1.0,3.3333333333333335,2.0,4.0,0.0,4.0,32.0,10.0,3.888888888888889,1.0,7.0,64.0,5.176604194463639e-16,0.08723068393433,0.0872306839343304,0.1909830056250534,0.3137405333196636,0.3137405333196644,0.0,0.0,1.0,1.0,1.0,1.0,-1.0,0.0,3.0,-1.0,0.0,5.0,-1.0,0.0,5.0,0.0,0.0,40.0,0.0,0.0,1.0,0.0,0.0,2.0,0.0,0.0,23.0,0.0,0.0,24.0,0.0,0.0,20.0,0.0,0.0,20.0,-0.16,0.0,0.0,0.36660605559646714,0.0,0.0,0.0,0.0,0.0,0.95
Snake,21,0.6916666666666665,0.2271502195073168,8.0,8.0,64.0,36.0,28.0,0.4375,60.0,1.0,1.0,3.3333333333333335,2.0,4.0,0.0,4.0,32.0,10.0,3.888888888888889,1.0,8.0,64.0,5.176604194463639e-16,0.08723068393433,0.0872306839343304,0.1909830056250534,0.3137405333196636,0.3137405333196644,0.0,0.0,1.0,1.0,1.0,1.0,-1.0,0.0,5.0,-1.0,0.0,9.0,-1.0,0.0,9.0,0.0,0.0,40.0,0.0,0.0,3.0,0.0,0.0,6.0,-1.0,0.0,6.0,0.15000000000000002,0.0,28.0,0.0,0.0,20.0,0.0,0.0,20.0,-0.1,0.0,0.0,0.3,0.0,0.0,0.0,0.15000000000000002,1.0,1.0
Snake,22,0.7708333333333334,0.153376352660883,8.0,8.0,64.0,36.0,28.0,0.4375,60.0,1.0,1.0,3.3333333333333335,2.0,4.0,0.0,4.0,32.0,10.0,3.888888888888889,1.0,7.0,64.0,5.176604194463639e-16,0.08723068393433,0.0872306839343304,0.1909830056250534,0.3137405333196636,0.3137405333196644,0.0,0.0,1.0,1.0,1.0,1.0,-1.0,0.0,5.0,-1.0,0.0,9.0,-1.0,0.0,9.0,0.0,0.0,40.0,0.0,0.0,3.0,0.0,0.0,6.0,0.1,0.0,27.0,0.05,0.0,24.0,0.0,0.0,20.0,0.0,0.0,20.0,-0.16,0.0,0.0,0.36660605559646714,0.0,0.0,0.0,0.1,1.0,1.0
Snake,23,0.9000000000000002,0.0816496580927725,8.0,8.0,64.0,36.0,28.0,0.4375,60.0,1.0,1.0,3.3333333333333335,2.0,4.0,0.0,4.0,32.0,10.0,3.888888888888889,1.0,9.0,64.0,5.176604194463639e-16,0.08723068393433,0.0872306839343304,0.1909830056250534,0.3137405333196636,0.3137405333196644,0.0,0.0,1.0,1.0,1.0,1.0,-1.0,0.0,3.0,-1.0,0.0,5.0,-1.0,0.0,5.0,0.0,0.0,40.0,0.0,0.0,1.0,0.0,0.0,2.0,-1.0,0.0,4.0,0.05,0.0,26.0,0.0,0.0,20.0,0.0,0.0,20.0,-0.08,0.0,0.0,0.2712931993250107,0.0,0.0,0.0,0.05,1.0,1.0
Snake,24,0.8833333333333332,0.1006920497799547,8.0,8.0,64.0,36.0,28.0,0.4375,60.0,1.0,1.0,3.3333333333333335,2.0,4.0,0.0,4.0,32.0,10.0,3.888888888888889,1.0,6.0,64.0,5.176604194463639e-16,0.08723068393433,0.0872306839343304,0.1909830056250534,0.3137405333196636,0.3137405333196644,0.0,0.0,1.0,1.0,1.0,1.0,-1.0,0.0,4.0,-1.0,0.0,7.0,-1.0,0.0,7.0,0.0,0.0,40.0,0.0,0.0,2.0,0.0,0.0,4.0,0.05,0.0,25.0,0.05,0.0,24.0,0.0,0.0,20.0,0.0,0.0,20.0,-0.14,0.0,0.0,0.3469870314579494,0.0,0.0,0.0,0.05,1.0,0.95
Snake,25,0.7166666666666667,0.2695160271466038,8.0,8.0,64.0,36.0,28.0,0.4375,60.0,1.0,1.0,3.3333333333333335,2.0,4.0,0.0,4.0,32.0,10.0,3.888888888888889,1.0,7.0,64.0,5.176604194463639e-16,0.08723068393433,0.0872306839343304,0.1909830056250534,0.3137405333196636,0.3137405333196644,0.0,0.0,1.0,1.0,1.0,1.0,-1.0,0.0,6.0,-1.0,0.0,11.0,-1.0,0.0,11.0,0.0,0.0,40.0,0.0,0.0,4.0,0.0,0.0,8.0,0.05,0.0,26.0,0.05,0.0,27.0,0.0,0.0,20.0,0.0,0.0,20.0,-0.198,0.05,0.0,0.39861761125168566,0.02,0.0,0.0,0.05,1.0,1.0
Snake,26,0.8333333333333334,0.1343709624716424,8.0,8.0,64.0,36.0,28.0,0.4375,60.0,1.0,1.0,3.3333333333333335,2.0,4.0,0.0,4.0,32.0,10.0,3.888888888888889,1.0,8.0,64.0,5.176604194463639e-16,0.08723068393433,0.0872306839343304,0.1909830056250534,0.3137405333196636,0.3137405333196644,0.0,0.0,1.0,1.0,1.0,1.0,-1.0,0.0,5.0,-1.0,0.0,9.0,-1.0,0.0,9.0,0.0,0.0,40.0,0.0,0.0,3.0,0.0,0.0,6.0,-1.0,0.0,6.0,0.0,0.0,25.0,0.0,0.0,20.0,0.0,0.0,20.0,-0.13,0.05,0.0,0.33045423283716613,0.02,0.0,0.0,0.0,0.0,1.0
Snake,27,0.8791666666666665,0.1198233653712367,8.0,8.0,64.0,36.0,28.0,0.4375,60.0,1.0,1.0,3.3333333333333335,2.0,4.0,0.0,4.0,32.0,10.0,3.888888888888889,1.0,9.0,64.0,5.176604194463639e-16,0.08723068393433,0.0872306839343304,0.1909830056250534,0.3137405333196636,0.3137405333196644,0.0,0.0,1.0,1.0,1.0,1.0,-1.0,0.0,3.0,-1.0,0.0,5.0,-1.0,0.0,5.0,0.0,0.0,40.0,0.0,0.0,1.0,0.0,0.0,2.0,-1.0,0.0,4.0,0.05,0.0,26.0,0.0,0.0,20.0,0.0,0.0,20.0,-0.094,0.25,0.0,0.30077233915371937,0.02,0.0,0.0,0.05,1.0,1.0
Snake,28,0.8333333333333335,0.1389444333377755,8.0,8.0,64.0,36.0,28.0,0.4375,60.0,1.0,1.0,3.3333333333333335,2.0,4.0,0.0,4.0,32.0,10.0,3.888888888888889,1.0,7.0,64.0,5.176604194463639e-16,0.08723068393433,0.0872306839343304,0.1909830056250534,0.3137405333196636,0.3137405333196644,0.0,0.0,1.0,1.0,1.0,1.0,-1.0,0.0,5.0,-1.0,0.0,9.0,-1.0,0.0,9.0,0.0,0.0,40.0,0.0,0.0,3.0,0.0,0.0,6.0,0.05,0.0,24.0,0.05,0.0,27.0,0.0,0.0,20.0,0.0,0.0,20.0,-0.1,0.0,0.0,0.3,0.0,0.0,0.0,0.05,1.0,1.0
Snake,29,0.7958333333333334,0.1265871460913609,8.0,8.0,64.0,36.0,28.0,0.4375,60.0,1.0,1.0,3.3333333333333335,2.0,4.0,0.0,4.0,32.0,10.0,3.888888888888889,1.0,6.0,64.0,5.176604194463639e-16,0.08723068393433,0.0872306839343304,0.1909830056250534,0.3137405333196636,0.3137405333196644,0.0,0.0,1.0,1.0,1.0,1.0,-1.0,0.0,5.0,-1.0,0.0,9.0,-1.0,0.0,9.0,0.0,0.0,40.0,0.0,0.0,3.0,0.0,0.0,6.0,0.0,0.0,26.0,0.2,0.0,25.0,0.0,0.0,20.0,0.0,0.0,20.0,-0.159,0.0,0.0,0.36437480703253894,0.0,0.0,0.0,0.2,1.0,1.0
Snake,30,0.8999999999999999,0.0735980072193987,8.0,8.0,64.0,36.0,28.0,0.4375,60.0,1.0,1.0,3.3333333333333335,2.0,4.0,0.0,4.0,32.0,10.0,3.888888888888889,1.0,8.0,64.0,5.176604194463639e-16,0.08723068393433,0.0872306839343304,0.1909830056250534,0.3137405333196636,0.3137405333196644,0.0,0.0,1.0,1.0,1.0,1.0,-0.95,0.0,5.0,-0.95,0.0,9.0,-0.95,0.0,9.0,0.0,0.0,40.0,0.05,0.0,3.0,0.05,0.0,6.0,0.05,0.0,28.0,-0.95,0.0,6.0,0.0,0.0,20.0,0.0,0.0,20.0,-0.19,0.05,0.0,0.3903844259188627,0.08,0.0,0.0,0.05,1.0,1.0
Snake,31,0.9541666666666664,0.0431003351366191,8.0,8.0,64.0,36.0,28.0,0.4375,60.0,1.0,1.0,3.3333333333333335,2.0,4.0,0.0,4.0,32.0,10.0,3.888888888888889,1.0,8.0,64.0,5.176604194463639e-16,0.08723068393433,0.0872306839343304,0.1909830056250534,0.3137405333196636,0.3137405333196644,0.0,0.0,1.0,1.0,1.0,1.0,-1.0,0.0,4.0,-1.0,0.0,7.0,-1.0,0.0,7.0,0.0,0.0,40.0,0.0,0.0,2.0,0.0,0.0,4.0,-1.0,0.0,5.0,0.0,0.0,25.0,0.0,0.0,20.0,0.0,0.0,20.0,-0.1,0.0,0.0,0.3,0.0,0.0,0.0,0.0,0.0,0.95
Snake,32,0.7791666666666667,0.1573985563960341,8.0,8.0,64.0,36.0,28.0,0.4375,60.0,1.0,1.0,3.3333333333333335,2.0,4.0,0.0,4.0,32.0,10.0,3.888888888888889,1.0,7.0,64.0,5.176604194463639e-16,0.08723068393433,0.0872306839343304,0.1909830056250534,0.3137405333196636,0.3137405333196644,0.0,0.0,1.0,1.0,1.0,1.0,-1.0,0.0,3.0,-1.0,0.0,5.0,-1.0,0.0,5.0,0.0,0.0,40.0,0.0,0.0,1.0,0.0,0.0,2.0,0.05,0.0,24.0,0.05,0.0,23.0,0.0,0.0,20.0,0.0,0.0,20.0,-0.138,0.0,0.0,0.34213447648548956,0.0,0.0,0.0,0.05,1.0,1.0
Snake,33,0.8958333333333331,0.0593658618698958,8.0,8.0,64.0,36.0,28.0,0.4375,60.0,1.0,1.0,3.3333333333333335,2.0,4.0,0.0,4.0,32.0,10.0,3.888888888888889,1.0,9.0,64.0,5.176604194463639e-16,0.08723068393433,0.0872306839343304,0.1909830056250534,0.3137405333196636,0.3137405333196644,0.0,0.0,1.0,1.0,1.0,1.0,-1.0,0.0,6.0,-1.0,0.0,11.0,-1.0,0.0,11.0,0.0,0.0,40.0,0.0,0.0,4.0,0.0,0.0,8.0,-1.0,0.0,7.0,0.0,0.0,25.0,0.0,0.0,20.0,0.0,0.0,20.0,-0.11900000000000001,0.05,0.0,0.3254059003767448,0.02,0.0,0.0,0.0,0.0,1.0
Snake,34,0.8999999999999999,0.067700320038633,8.0,8.0,64.0,36.0,28.0,0.4375,60.0,1.0,1.0,3.3333333333333335,2.0,4.0,0.0,4.0,32.0,10.0,3.888888888888889,1.0,6.0,64.0,5.176604194463639e-16,0.08723068393433,0.0872306839343304,0.1909830056250534,0.3137405333196636,0.3137405333196644,0.0,0.0,1.0,1.0,1.0,1.0,-1.0,0.0,5.0,-1.0,0.0,9.0,-1.0,0.0,9.0,0.05,0.0,40.0,0.0,0.0,3.0,0.0,0.0,6.0,0.0,0.0,25.0,0.0,0.0,26.0,0.0,0.0,20.0,0.0,0.0,20.0,-0.075,0.05,0.0,0.26949025956423733,0.08,0.0,0.0,0.05,1.0,0.95
Snake,35,0.8166666666666668,0.1624465724134827,8.0,8.0,64.0,36.0,28.0,0.4375,60.0,1.0,1.0,3.3333333333333335,2.0,4.0,0.0,4.0,32.0,10.0,3.888888888888889,1.0,7.0,64.0,5.176604194463639e-16,0.08723068393433,0.0872306839343304,0.1909830056250534,0.3137405333196636,0.3137405333196644,0.0,0.0,1.0,1.0,1.0,1.0,-1.0,0.0,5.0,-1.0,0.0,9.0,-1.0,0.0,9.0,0.0,0.0,40.0,0.0,0.0,3.0,0.0,0.0,6.0,0.0,0.0,27.0,0.0,0.0,24.0,0.0,0.0,20.0,0.0,0.0,20.0,-0.22,0.0,0.0,0.41424630354415964,0.0,0.0,0.0,0.0,0.0,1.0
Snake,36,0.8291666666666666,0.0246503324295817,8.0,8.0,64.0,36.0,28.0,0.4375,60.0,1.0,1.0,3.3333333333333335,2.0,4.0,0.0,4.0,32.0,10.0,3.888888888888889,1.0,6.0,64.0,5.176604194463639e-16,0.08723068393433,0.0872306839343304,0.1909830056250534,0.3137405333196636,0.3137405333196644,0.0,0.0,1.0,1.0,1.0,1.0,-1.0,0.0,5.0,-1.0,0.0,9.0,-1.0,0.0,9.0,0.0,0.0,40.0,0.0,0.0,3.0,0.0,0.0,6.0,0.1,0.0,25.0,0.05,0.0,26.0,0.0,0.0,20.0,0.0,0.0,20.0,-0.08,0.0,0.0,0.2712931993250107,0.0,0.0,0.0,0.1,1.0,1.0
Snake,37,0.9125,0.0680838943265341,8.0,8.0,64.0,36.0,28.0,0.4375,60.0,1.0,1.0,3.3333333333333335,2.0,4.0,0.0,4.0,32.0,10.0,3.888888888888889,1.0,7.0,64.0,5.176604194463639e-16,0.08723068393433,0.0872306839343304,0.1909830056250534,0.3137405333196636,0.3137405333196644,0.0,0.0,1.0,1.0,1.0,1.0,-1.0,0.0,3.0,-1.0,0.0,5.0,-1.0,0.0,5.0,0.0,0.0,40.0,0.0,0.0,1.0,0.0,0.0,2.0,0.0,0.0,24.0,0.0,0.0,23.0,0.0,0.0,20.0,0.0,0.0,20.0,-0.22,0.0,0.0,0.41424630354415964,0.0,0.0,0.0,0.0,0.0,1.0
Snake,38,0.8999999999999999,0.0735980072193987,8.0,8.0,64.0,36.0,28.0,0.4375,60.0,1.0,1.0,3.3333333333333335,2.0,4.0,0.0,4.0,32.0,10.0,3.888888888888889,1.0,6.0,64.0,5.176604194463639e-16,0.08723068393433,0.0872306839343304,0.1909830056250534,0.3137405333196636,0.3137405333196644,0.0,0.0,1.0,1.0,1.0,1.0,-1.0,0.0,5.0,-1.0,0.0,9.0,-1.0,0.0,9.0,0.0,0.0,40.0,0.0,0.0,3.0,0.0,0.0,6.0,0.05,0.0,26.0,0.05,0.0,25.0,0.0,0.0,20.0,0.0,0.0,20.0,-0.157,0.05,0.0,0.3653778865777183,0.04,0.0,0.0,0.05,1.0,0.95
Snake,39,0.8833333333333334,0.089752746785575,8.0,8.0,64.0,36.0,28.0,0.4375,60.0,1.0,1.0,3.3333333333333335,2.0,4.0,0.0,4.0,32.0,10.0,3.888888888888889,1.0,7.0,64.0,5.176604194463639e-16,0.08723068393433,0.0872306839343304,0.1909830056250534,0.3137405333196636,0.3137405333196644,0.0,0.0,1.0,1.0,1.0,1.0,-1.0,0.0,5.0,-1.0,0.0,9.0,-1.0,0.0,9.0,0.0,0.0,40.0,0.0,0.0,3.0,0.0,0.0,6.0,0.05,0.0,24.0,0.05,0.0,27.0,0.0,0.0,20.0,0.0,0.0,20.0,-0.16,0.0,0.0,0.36660605559646714,0.0,0.0,0.0,0.05,1.0,1.0
Snake,40,0.9208333333333332,0.0660124146573119,8.0,8.0,64.0,36.0,28.0,0.4375,60.0,1.0,1.0,3.3333333333333335,2.0,4.0,0.0,4.0,32.0,10.0,3.888888888888889,1.0,6.0,64.0,5.176604194463639e-16,0.08723068393433,0.0872306839343304,0.1909830056250534,0.3137405333196636,0.3137405333196644,0.0,0.0,1.0,1.0,1.0,1.0,-1.0,0.0,4.0,-1.0,0.0,7.0,-1.0,0.0,7.0,0.0,0.0,40.0,0.0,0.0,2.0,0.0,0.0,4.0,0.05,0.0,25.0,0.05,0.0,24.0,0.0,0.0,20.0,0.0,0.0,20.0,-0.2,0.0,0.0,0.4,0.0,0.0,0.0,0.05,1.0,1.0
Snake,41,0.8083333333333332,0.1440968038815881,8.0,8.0,64.0,36.0,28.0,0.4375,60.0,1.0,1.0,3.3333333333333335,2.0,4.0,0.0,4.0,32.0,10.0,3.888888888888889,1.0,7.0,64.0,5.176604194463639e-16,0.08723068393433,0.0872306839343304,0.1909830056250534,0.3137405333196636,0.3137405333196644,0.0,0.0,1.0,1.0,1.0,1.0,-1.0,0.0,6.0,-1.0,0.0,11.0,-1.0,0.0,11.0,0.0,0.0,40.0,0.0,0.0,4.0,0.0,0.0,8.0,0.0,0.0,27.0,0.0,0.0,26.0,0.0,0.0,20.0,0.0,0.0,20.0,-0.12,0.0,0.0,0.3249615361854384,0.0,0.0,0.0,0.0,0.0,1.0
Snake,42,0.7999999999999999,0.25,8.0,8.0,64.0,36.0,28.0,0.4375,60.0,1.0,1.0,3.3333333333333335,2.0,4.0,0.0,4.0,32.0,10.0,3.888888888888889,1.0,6.0,64.0,5.176604194463639e-16,0.08723068393433,0.0872306839343304,0.1909830056250534,0.3137405333196636,0.3137405333196644,0.0,0.0,1.0,1.0,1.0,1.0,-1.0,0.0,4.0,-1.0,0.0,7.0,-1.0,0.0,7.0,0.0,0.0,40.0,0.0,0.0,2.0,0.0,0.0,4.0,0.0,0.0,25.0,0.0,0.0,24.0,0.0,0.0,20.0,0.0,0.0,20.0,-0.099,0.05,0.0,0.30041471335472236,0.02,0.0,0.0,0.0,0.0,1.0
Snake,43,0.8125000000000001,0.0581843335157039,8.0,8.0,64.0,36.0,28.0,0.4375,60.0,1.0,1.0,3.3333333333333335,2.0,4.0,0.0,4.0,32.0,10.0,3.888888888888889,1.0,9.0,64.0,5.176604194463639e-16,0.08723068393433,0.0872306839343304,0.1909830056250534,0.3137405333196636,0.3137405333196644,0.0,0.0,1.0,1.0,1.0,1.0,-1.0,0.0,6.0,-1.0,0.0,11.0,-1.0,0.0,11.0,0.05,0.0,40.0,0.0,0.0,4.0,0.0,0.0,8.0,-1.0,0.0,7.0,0.1,0.0,29.0,0.0,0.0,20.0,0.0,0.0,20.0,-0.08,0.0,0.0,0.2712931993250107,0.0,0.0,0.0,0.1,1.0,1.0
Snake,44,0.9041666666666665,0.0690963497990708,8.0,8.0,64.0,36.0,28.0,0.4375,60.0,1.0,1.0,3.3333333333333335,2.0,4.0,0.0,4.0,32.0,10.0,3.888888888888889,1.0,7.0,64.0,5.176604194463639e-16,0.08723068393433,0.0872306839343304,0.1909830056250534,0.3137405333196636,0.3137405333196644,0.0,0.0,1.0,1.0,1.0,1.0,-1.0,0.0,6.0,-1.0,0.0,11.0,-1.0,0.0,11.0,0.0,0.0,40.0,0.0,0.0,4.0,0.0,0.0,8.0,0.05,0.0,27.0,0.0,0.0,26.0,0.0,0.0,20.0,0.0,0.0,20.0,-0.08,0.0,0.0,0.2712931993250107,0.0,0.0,0.0,0.05,1.0,1.0
Snake,45,0.9375,0.081967981553775,8.0,8.0,64.0,36.0,28.0,0.4375,60.0,1.0,1.0,3.3333333333333335,2.0,4.0,0.0,4.0,32.0,10.0,3.888888888888889,1.0,7.0,64.0,5.176604194463639e-16,0.08723068393433,0.0872306839343304,0.1909830056250534,0.3137405333196636,0.3137405333196644,0.0,0.0,1.0,1.0,1.0,1.0,-1.0,0.0,3.0,-1.0,0.0,5.0,-1.0,0.0,5.0,0.0,0.0,40.0,0.0,0.0,1.0,0.0,0.0,2.0,0.05,0.0,24.0,0.05,0.0,23.0,0.0,0.0,20.0,0.0,0.0,20.0,-0.2,0.0,0.0,0.4,0.0,0.0,0.0,0.05,1.0,1.0
Snake,46,0.9083333333333332,0.0702179147764696,8.0,8.0,64.0,36.0,28.0,0.4375,60.0,1.0,1.0,3.3333333333333335,2.0,4.0,0.0,4.0,32.0,10.0,3.888888888888889,1.0,8.0,64.0,5.176604194463639e-16,0.08723068393433,0.0872306839343304,0.1909830056250534,0.3137405333196636,0.3137405333196644,0.0,0.0,1.0,1.0,1.0,1.0,-1.0,0.0,5.0,-1.0,0.0,9.0,-1.0,0.0,9.0,0.0,0.0,40.0,0.0,0.0,3.0,0.0,0.0,6.0,0.1,0.0,28.0,-1.0,0.0,6.0,0.0,0.0,20.0,0.0,0.0,20.0,-0.06,0.0,0.0,0.23748684174075835,0.0,0.0,0.0,0.1,1.0,1.0
Snake,47,0.8333333333333334,0.0745355992499929,8.0,8.0,64.0,36.0,28.0,0.4375,60.0,1.0,1.0,3.3333333333333335,2.0,4.0,0.0,4.0,32.0,10.0,3.888888888888889,1.0,9.0,64.0,5.176604194463639e-16,0.08723068393433,0.0872306839343304,0.1909830056250534,0.3137405333196636,0.3137405333196644,0.0,0.0,1.0,1.0,1.0,1.0,-1.0,0.0,3.0,-1.0,0.0,5.0,-1.0,0.0,5.0,0.0,0.0,40.0,0.0,0.0,1.0,0.0,0.0,2.0,-1.0,0.0,4.0,0.05,0.0,26.0,0.0,0.0,20.0,0.0,0.0,20.0,-0.157,0.15000000000000002,0.0,0.3685118722646531,0.02,0.0,0.0,0.05,1.0,1.0
Snake,48,0.9041666666666668,0.0828108621431324,8.0,8.0,64.0,36.0,28.0,0.4375,60.0,1.0,1.0,3.3333333333333335,2.0,4.0,0.0,4.0,32.0,10.0,3.888888888888889,1.0,7.0,64.0,5.176604194463639e-16,0.08723068393433,0.0872306839343304,0.1909830056250534,0.3137405333196636,0.3137405333196644,0.0,0.0,1.0,1.0,1.0,1.0,-1.0,0.0,6.0,-1.0,0.0,11.0,-1.0,0.0,11.0,0.0,0.0,40.0,0.0,0.0,4.0,0.0,0.0,8.0,0.0,0.0,27.0,0.0,0.0,26.0,0.0,0.0,20.0,0.0,0.0,20.0,-0.1,0.0,0.0,0.3,0.0,0.0,0.0,0.0,0.0,1.0
Snake,49,0.7999999999999999,0.1384437310486345,8.0,8.0,64.0,36.0,28.0,0.4375,60.0,1.0,1.0,3.3333333333333335,2.0,4.0,0.0,4.0,32.0,10.0,3.888888888888889,1.0,8.0,64.0,5.176604194463639e-16,0.08723068393433,0.0872306839343304,0.1909830056250534,0.3137405333196636,0.3137405333196644,0.0,0.0,1.0,1.0,1.0,1.0,-1.0,0.0,4.0,-1.0,0.0,7.0,-1.0,0.0,7.0,0.0,0.0,40.0,0.0,0.0,2.0,0.0,0.0,4.0,0.05,0.0,27.0,-1.0,0.0,5.0,0.0,0.0,20.0,0.0,0.0,20.0,-0.14,0.0,0.0,0.3469870314579494,0.0,0.0,0.0,0.05,1.0,1.0
Snake,50,0.8541666666666666,0.1107894650025694,8.0,8.0,64.0,36.0,28.0,0.4375,60.0,1.0,1.0,3.3333333333333335,2.0,4.0,0.0,4.0,32.0,10.0,3.888888888888889,1.0,9.0,64.0,5.176604194463639e-16,0.08723068393433,0.0872306839343304,0.1909830056250534,0.3137405333196636,0.3137405333196644,0.0,0.0,1.0,1.0,1.0,1.0,-1.0,0.0,6.0,-1.0,0.0,11.0,-1.0,0.0,11.0,0.05,0.0,40.0,0.0,0.0,4.0,0.0,0.0,8.0,-1.0,0.0,7.0,0.1,0.0,29.0,0.0,0.0,20.0,0.0,0.0,20.0,-0.098,0.1,0.0,0.3009916942375653,0.02,0.0,0.0,0.1,1.0,1.0
Snake,51,0.7875,0.1529229108625214,8.0,8.0,64.0,36.0,28.0,0.4375,60.0,1.0,1.0,3.3333333333333335,2.0,4.0,0.0,4.0,32.0,10.0,3.888888888888889,1.0,7.0,64.0,5.176604194463639e-16,0.08723068393433,0.0872306839343304,0.1909830056250534,0.3137405333196636,0.3137405333196644,0.0,0.0,1.0,1.0,1.0,1.0,-1.0,0.0,4.0,-1.0,0.0,7.0,-1.0,0.0,7.0,0.0,0.0,40.0,0.0,0.0,2.0,0.0,0.0,4.0,0.05,0.0,23.0,0.05,0.0,26.0,0.0,0.0,20.0,0.0,0.0,20.0,-0.11199999999999999,0.39999999999999997,0.0,0.33264996618066867,0.02,0.0,0.0,0.05,1.0,1.0
Snake,52,0.8333333333333334,0.1047483757498044,8.0,8.0,64.0,36.0,28.0,0.4375,60.0,1.0,1.0,3.3333333333333335,2.0,4.0,0.0,4.0,32.0,10.0,3.888888888888889,1.0,7.0,64.0,5.176604194463639e-16,0.08723068393433,0.0872306839343304,0.1909830056250534,0.3137405333196636,0.3137405333196644,0.0,0.0,1.0,1.0,1.0,1.0,-1.0,0.0,5.0,-1.0,0.0,9.0,-1.0,0.0,9.0,0.0,0.0,40.0,0.0,0.0,3.0,0.0,0.0,6.0,0.1,0.0,27.0,0.0,0.0,24.0,0.0,0.0,20.0,0.0,0.0,20.0,-0.06,0.0,0.0,0.23748684174075835,0.0,0.0,0.0,0.1,1.0,1.0
Snake,53,0.7583333333333333,0.0276385399196283,8.0,8.0,64.0,36.0,28.0,0.4375,60.0,1.0,1.0,3.3333333333333335,2.0,4.0,0.0,4.0,32.0,10.0,3.888888888888889,1.0,8.0,64.0,5.176604194463639e-16,0.08723068393433,0.0872306839343304,0.1909830056250534,0.3137405333196636,0.3137405333196644,0.0,0.0,1.0,1.0,1.0,1.0,-0.95,0.0,5.0,-0.95,0.0,9.0,-0.95,0.0,9.0,0.0,0.0,40.0,0.05,0.0,3.0,0.05,0.0,6.0,0.15000000000000002,0.0,28.0,-0.95,0.0,6.0,0.0,0.0,20.0,0.0,0.0,20.0,-0.072,0.05,0.0,0.25926048676958086,0.08,0.0,0.0,0.15000000000000002,1.0,0.95
Snake,54,0.8416666666666665,0.1221906524884598,8.0,8.0,64.0,36.0,28.0,0.4375,60.0,1.0,1.0,3.3333333333333335,2.0,4.0,0.0,4.0,32.0,10.0,3.888888888888889,1.0,9.0,64.0,5.176604194463639e-16,0.08723068393433,0.0872306839343304,0.1909830056250534,0.3137405333196636,0.3137405333196644,0.0,0.0,1.0,1.0,1.0,1.0,-1.0,0.0,3.0,-1.0,0.0,5.0,-1.0,0.0,5.0,0.0,0.0,40.0,0.0,0.0,1.0,0.0,0.0,2.0,0.0,0.0,26.0,-1.0,0.0,4.0,0.0,0.0,20.0,0.0,0.0,20.0,-0.11900000000000001,0.05,0.0,0.3254059003767448,0.02,0.0,0.0,0.0,0.0,0.95
Snake,55,0.8375,0.0915719207326496,8.0,8.0,64.0,36.0,28.0,0.4375,60.0,1.0,1.0,3.3333333333333335,2.0,4.0,0.0,4.0,32.0,10.0,3.888888888888889,1.0,6.0,64.0,5.176604194463639e-16,0.08723068393433,0.0872306839343304,0.1909830056250534,0.3137405333196636,0.3137405333196644,0.0,0.0,1.0,1.0,1.0,1.0,-1.0,0.0,5.0,-1.0,0.0,9.0,-1.0,0.0,9.0,0.0,0.0,40.0,0.0,0.0,3.0,0.0,0.0,6.0,0.1,0.0,25.0,0.05,0.0,26.0,0.0,0.0,20.0,0.0,0.0,20.0,-0.18,0.0,0.0,0.38418745424597095,0.0,0.0,0.0,0.1,1.0,1.0
Snake,56,0.8958333333333334,0.085289539543578,8.0,8.0,64.0,36.0,28.0,0.4375,60.0,1.0,1.0,3.3333333333333335,2.0,4.0,0.0,4.0,32.0,10.0,3.888888888888889,1.0,7.0,64.0,5.176604194463639e-16,0.08723068393433,0.0872306839343304,0.1909830056250534,0.3137405333196636,0.3137405333196644,0.0,0.0,1.0,1.0,1.0,1.0,-1.0,0.0,5.0,-1.0,0.0,9.0,-1.0,0.0,9.0,0.0,0.0,40.0,0.0,0.0,3.0,0.0,0.0,6.0,0.1,0.0,27.0,0.05,0.0,24.0,0.0,0.0,20.0,0.0,0.0,20.0,-0.179,0.05,0.0,0.3847193782486138,0.02,0.0,0.0,0.1,1.0,1.0
Snake,57,0.8249999999999998,0.1479019945774904,8.0,8.0,64.0,36.0,28.0,0.4375,60.0,1.0,1.0,3.3333333333333335,2.0,4.0,0.0,4.0,32.0,10.0,3.888888888888889,1.0,9.0,64.0,5.176604194463639e-16,0.08723068393433,0.0872306839343304,0.1909830056250534,0.3137405333196636,0.3137405333196644,0.0,0.0,1.0,1.0,1.0,1.0,-1.0,0.0,3.0,-1.0,0.0,5.0,-1.0,0.0,5.0,0.0,0.0,40.0,0.0,0.0,1.0,0.0,0.0,2.0,0.1,0.0,26.0,-1.0,0.0,4.0,0.0,0.0,20.0,0.0,0.0,20.0,-0.08,0.0,0.0,0.2712931993250107,0.0,0.0,0.0,0.1,1.0,1.0
Snake,58,0.7208333333333333,0.2125816836470682,8.0,8.0,64.0,36.0,28.0,0.4375,60.0,1.0,1.0,3.3333333333333335,2.0,4.0,0.0,4.0,32.0,10.0,3.888888888888889,1.0,9.0,64.0,5.176604194463639e-16,0.08723068393433,0.0872306839343304,0.1909830056250534,0.3137405333196636,0.3137405333196644,0.0,0.0,1.0,1.0,1.0,1.0,-1.0,0.0,3.0,-1.0,0.0,5.0,-1.0,0.0,5.0,0.05,0.0,40.0,0.0,0.0,1.0,0.0,0.0,2.0,-1.0,0.0,4.0,0.1,0.0,26.0,0.0,0.0,20.0,0.0,0.0,20.0,-0.095,0.2,0.0,0.3030264014900352,0.04,0.0,0.0,0.1,1.0,1.0
Snake,59,0.9291666666666664,0.0431003351366191,8.0,8.0,64.0,36.0,28.0,0.4375,60.0,1.0,1.0,3.3333333333333335,2.0,4.0,0.0,4.0,32.0,10.0,3.888888888888889,1.0,7.0,64.0,5.176604194463639e-16,0.08723068393433,0.0872306839343304,0.1909830056250534,0.3137405333196636,0.3137405333196644,0.0,0.0,1.0,1.0,1.0,1.0,-1.0,0.0,5.0,-1.0,0.0,9.0,-1.0,0.0,9.0,0.0,0.0,40.0,0.0,0.0,3.0,0.0,0.0,6.0,0.05,0.0,27.0,0.05,0.0,24.0,0.0,0.0,20.0,0.0,0.0,20.0,-0.1,0.0,0.0,0.3,0.0,0.0,0.0,0.05,1.0,1.0
Snake,60,0.9083333333333332,0.0448763733927875,8.0,8.0,64.0,36.0,28.0,0.4375,60.0,1.0,1.0,3.3333333333333335,2.0,4.0,0.0,4.0,32.0,10.0,3.888888888888889,1.0,7.0,64.0,5.176604194463639e-16,0.08723068393433,0.0872306839343304,0.1909830056250534,0.3137405333196636,0.3137405333196644,0.0,0.0,1.0,1.0,1.0,1.0,-1.0,0.0,5.0,-1.0,0.0,9.0,-1.0,0.0,9.0,0.0,0.0,40.0,0.0,0.0,3.0,0.0,0.0,6.0,0.0,0.0,24.0,0.0,0.0,27.0,0.0,0.0,20.0,0.0,0.0,20.0,-0.157,0.05,0.0,0.36810460469817546,0.06,0.0,0.0,0.0,0.0,1.0
Snake,61,0.9208333333333334,0.0923271658590014,8.0,8.0,64.0,36.0,28.0,0.4375,60.0,1.0,1.0,3.3333333333333335,2.0,4.0,0.0,4.0,32.0,10.0,3.888888888888889,1.0,7.0,64.0,5.176604194463639e-16,0.08723068393433,0.0872306839343304,0.1909830056250534,0.3137405333196636,0.3137405333196644,0.0,0.0,1.0,1.0,1.0,1.0,-1.0,0.0,3.0,-1.0,0.0,5.0,-1.0,0.0,5.0,0.0,0.0,40.0,0.0,0.0,1.0,0.0,0.0,2.0,0.05,0.0,23.0,0.05,0.0,24.0,0.0,0.0,20.0,0.0,0.0,20.0,-0.11900000000000001,0.05,0.0,0.3254059003767448,0.02,0.0,0.0,0.05,1.0,1.0
Snake,62,0.9333333333333332,0.0589255650988789,8.0,8.0,64.0,36.0,28.0,0.4375,60.0,1.0,1.0,3.3333333333333335,2.0,4.0,0.0,4.0,32.0,10.0,3.888888888888889,1.0,8.0,64.0,5.176604194463639e-16,0.08723068393433,0.0872306839343304,0.1909830056250534,0.3137405333196636,0.3137405333196644,0.0,0.0,1.0,1.0,1.0,1.0,-1.0,0.0,4.0,-1.0,0.0,7.0,-1.0,0.0,7.0,0.0,0.0,40.0,0.0,0.0,2.0,0.0,0.0,4.0,-1.0,0.0,5.0,0.0,0.0,25.0,0.0,0.0,20.0,0.0,0.0,20.0,-0.06,0.0,0.0,0.23748684174075835,0.0,0.0,0.0,0.0,0.0,1.0
Snake,63,0.9166666666666664,0.0513701166914081,8.0,8.0,64.0,36.0,28.0,0.4375,60.0,1.0,1.0,3.3333333333333335,2.0,4.0,0.0,4.0,32.0,10.0,3.888888888888889,1.0,8.0,64.0,5.176604194463639e-16,0.08723068393433,0.0872306839343304,0.1909830056250534,0.3137405333196636,0.3137405333196644,0.0,0.0,1.0,1.0,1.0,1.0,-1.0,0.0,6.0,-1.0,0.0,11.0,-1.0,0.0,11.0,0.0,0.0,40.0,0.0,0.0,4.0,0.0,0.0,8.0,0.0,0.0,28.0,0.0,0.0,25.0,0.0,0.0,20.0,0.0,0.0,20.0,-0.11900000000000001,0.05,0.0,0.3254059003767448,0.02,0.0,0.0,0.0,0.0,1.0
Snake,64,0.8791666666666665,0.0900424282707263,8.0,8.0,64.0,36.0,28.0,0.4375,60.0,1.0,1.0,3.3333333333333335,2.0,4.0,0.0,4.0,32.0,10.0,3.888888888888889,1.0,8.0,64.0,5.176604194463639e-16,0.08723068393433,0.0872306839343304,0.1909830056250534,0.3137405333196636,0.3137405333196644,0.0,0.0,1.0,1.0,1.0,1.0,-1.0,0.0,6.0,-1.0,0.0,11.0,-1.0,0.0,11.0,0.0,0.0,40.0,0.0,0.0,4.0,0.0,0.0,8.0,0.0,0.0,25.0,0.0,0.0,28.0,0.0,0.0,20.0,0.0,0.0,20.0,-0.156,0.2,0.0,0.3694103409489236,0.02,0.0,0.0,0.0,0.0,1.0
Snake,65,0.85,0.1541103500742244,8.0,8.0,64.0,36.0,28.0,0.4375,60.0,1.0,1.0,3.3333333333333335,2.0,4.0,0.0,4.0,32.0,10.0,3.888888888888889,1.0,8.0,64.0,5.176604194463639e-16,0.08723068393433,0.0872306839343304,0.1909830056250534,0.3137405333196636,0.3137405333196644,0.0,0.0,1.0,1.0,1.0,1.0,-1.0,0.0,4.0,-1.0,0.0,7.0,-1.0,0.0,7.0,0.0,0.0,40.0,0.0,0.0,2.0,0.0,0.0,4.0,0.15000000000000002,0.0,27.0,-1.0,0.0,5.0,0.0,0.0,20.0,0.0,0.0,20.0,-0.08,0.0,0.0,0.2712931993250107,0.0,0.0,0.0,0.15000000000000002,1.0,1.0
Snake,66,0.8791666666666664,0.0828108621431324,8.0,8.0,64.0,36.0,28.0,0.4375,60.0,1.0,1.0,3.3333333333333335,2.0,4.0,0.0,4.0,32.0,10.0,3.888888888888889,1.0,8.0,64.0,5.176604194463639e-16,0.08723068393433,0.0872306839343304,0.1909830056250534,0.3137405333196636,0.3137405333196644,0.0,0.0,1.0,1.0,1.0,1.0,-1.0,0.0,6.0,-1.0,0.0,11.0,-1.0,0.0,11.0,0.0,0.0,40.0,0.0,0.0,4.0,0.0,0.0,8.0,0.0,0.0,28.0,0.0,0.0,25.0,0.0,0.0,20.0,0.0,0.0,20.0,-0.11900000000000001,0.05,0.0,0.3254059003767448,0.02,0.0,0.0,0.0,0.0,1.0
Snake,67,0.8375,0.2591050301840292,8.0,8.0,64.0,36.0,28.0,0.4375,60.0,1.0,1.0,3.3333333333333335,2.0,4.0,0.0,4.0,32.0,10.0,3.888888888888889,1.0,9.0,64.0,5.176604194463639e-16,0.08723068393433,0.0872306839343304,0.1909830056250534,0.3137405333196636,0.3137405333196644,0.0,0.0,1.0,1.0,1.0,1.0,-1.0,0.0,3.0,-1.0,0.0,5.0,-1.0,0.0,5.0,0.0,0.0,40.0,0.0,0.0,1.0,0.0,0.0,2.0,0.05,0.0,26.0,-1.0,0.0,4.0,0.0,0.0,20.0,0.0,0.0,20.0,-0.1,0.0,0.0,0.3,0.0,0.0,0.0,0.05,1.0,1.0
Snake,68,0.9208333333333334,0.0852895395435779,8.0,8.0,64.0,36.0,28.0,0.4375,60.0,1.0,1.0,3.3333333333333335,2.0,4.0,0.0,4.0,32.0,10.0,3.888888888888889,1.0,7.0,64.0,5.176604194463639e-16,0.08723068393433,0.0872306839343304,0.1909830056250534,0.3137405333196636,0.3137405333196644,0.0,0.0,1.0,1.0,1.0,1.0,-1.0,0.0,3.0,-1.0,0.0,5.0,-1.0,0.0,5.0,0.0,0.0,40.0,0.0,0.0,1.0,0.0,0.0,2.0,0.0,0.0,23.0,0.0,0.0,24.0,0.0,0.0,20.0,0.0,0.0,20.0,-0.179,0.05,0.0,0.3847193782486138,0.02,0.0,0.0,0.0,0.0,1.0
Snake,69,0.85,0.0408248290463863,8.0,8.0,64.0,36.0,28.0,0.4375,60.0,1.0,1.0,3.3333333333333335,2.0,4.0,0.0,4.0,32.0,10.0,3.888888888888889,1.0,6.0,64.0,5.176604194463639e-16,0.08723068393433,0.0872306839343304,0.1909830056250534,0.3137405333196636,0.3137405333196644,0.0,0.0,1.0,1.0,1.0,1.0,-1.0,0.0,4.0,-1.0,0.0,7.0,-1.0,0.0,7.0,0.0,0.0,40.0,0.0,0.0,2.0,0.0,0.0,4.0,0.0,0.0,25.0,0.0,0.0,24.0,0.0,0.0,20.0,0.0,0.0,20.0,-0.239,0.0,0.0,0.4253574967013042,0.0,0.0,0.0,0.0,0.0,0.95
Snake,70,0.8875000000000001,0.1276796120503713,8.0,8.0,64.0,36.0,28.0,0.4375,60.0,1.0,1.0,3.3333333333333335,2.0,4.0,0.0,4.0,32.0,10.0,3.888888888888889,1.0,6.0,64.0,5.176604194463639e-16,0.08723068393433,0.0872306839343304,0.1909830056250534,0.3137405333196636,0.3137405333196644,0.0,0.0,1.0,1.0,1.0,1.0,-1.0,0.0,4.0,-1.0,0.0,7.0,-1.0,0.0,7.0,0.0,0.0,40.0,0.0,0.0,2.0,0.0,0.0,4.0,0.1,0.0,24.0,0.05,0.0,25.0,0.0,0.0,20.0,0.0,0.0,20.0,-0.04,0.0,0.0,0.19595917942265428,0.0,0.0,0.0,0.1,1.0,1.0
Snake,71,0.7625000000000001,0.1621791704669047,8.0,8.0,64.0,36.0,28.0,0.4375,60.0,1.0,1.0,3.3333333333333335,2.0,4.0,0.0,4.0,32.0,10.0,3.888888888888889,1.0,9.0,64.0,5.176604194463639e-16,0.08723068393433,0.0872306839343304,0.1909830056250534,0.3137405333196636,0.3137405333196644,0.0,0.0,1.0,1.0,1.0,1.0,-1.0,0.0,3.0,-1.0,0.0,5.0,-1.0,0.0,5.0,0.0,0.0,40.0,0.0,0.0,1.0,0.0,0.0,2.0,0.05,0.0,26.0,-1.0,0.0,4.0,0.0,0.0,20.0,0.0,0.0,20.0,-0.08,0.0,0.0,0.2712931993250107,0.0,0.0,0.0,0.05,1.0,1.0
Snake,72,0.7666666666666667,0.2725904538966021,8.0,8.0,64.0,36.0,28.0,0.4375,60.0,1.0,1.0,3.3333333333333335,2.0,4.0,0.0,4.0,32.0,10.0,3.888888888888889,1.0,7.0,64.0,5.176604194463639e-16,0.08723068393433,0.0872306839343304,0.1909830056250534,0.3137405333196636,0.3137405333196644,0.0,0.0,1.0,1.0,1.0,1.0,-1.0,0.0,6.0,-1.0,0.0,11.0,-1.0,0.0,11.0,0.0,0.0,40.0,0.0,0.0,4.0,0.0,0.0,8.0,0.1,0.0,27.0,0.0,0.0,26.0,0.0,0.0,20.0,0.0,0.0,20.0,-0.17800000000000002,0.1,0.0,0.3853777367726371,0.02,0.0,0.0,0.1,1.0,1.0
Snake,73,0.9083333333333332,0.0975391659226635,8.0,8.0,64.0,36.0,28.0,0.4375,60.0,1.0,1.0,3.3333333333333335,2.0,4.0,0.0,4.0,32.0,10.0,3.888888888888889,1.0,6.0,64.0,5.176604194463639e-16,0.08723068393433,0.0872306839343304,0.1909830056250534,0.3137405333196636,0.3137405333196644,0.0,0.0,1.0,1.0,1.0,1.0,-1.0,0.0,4.0,-1.0,0.0,7.0,-1.0,0.0,7.0,0.0,0.0,40.0,0.0,0.0,2.0,0.0,0.0,4.0,0.05,0.0,24.0,0.05,0.0,25.0,0.0,0.0,20.0,0.0,0.0,20.0,-0.2,0.0,0.0,0.4,0.0,0.0,0.0,0.05,1.0,1.0
Snake,74,0.8833333333333333,0.0471404520791031,8.0,8.0,64.0,36.0,28.0,0.4375,60.0,1.0,1.0,3.3333333333333335,2.0,4.0,0.0,4.0,32.0,10.0,3.888888888888889,1.0,6.0,64.0,5.176604194463639e-16,0.08723068393433,0.0872306839343304,0.1909830056250534,0.3137405333196636,0.3137405333196644,0.0,0.0,1.0,1.0,1.0,1.0,-1.0,0.0,4.0,-1.0,0.0,7.0,-1.0,0.0,7.0,0.0,0.0,40.0,0.0,0.0,2.0,0.0,0.0,4.0,0.0,0.0,25.0,0.0,0.0,24.0,0.0,0.0,20.0,0.0,0.0,20.0,-0.11800000000000001,0.1,0.0,0.326,0.02,0.0,0.0,0.0,0.0,1.0
Snake,75,0.8708333333333332,0.0852895395435779,8.0,8.0,64.0,36.0,28.0,0.4375,60.0,1.0,1.0,3.3333333333333335,2.0,4.0,0.0,4.0,32.0,10.0,3.888888888888889,1.0,9.0,64.0,5.176604194463639e-16,0.08723068393433,0.0872306839343304,0.1909830056250534,0.3137405333196636,0.3137405333196644,0.0,0.0,1.0,1.0,1.0,1.0,-1.0,0.0,6.0,-1.0,0.0,11.0,-1.0,0.0,11.0,0.0,0.0,40.0,0.0,0.0,4.0,0.0,0.0,8.0,-1.0,0.0,7.0,0.0,0.0,25.0,0.0,0.0,20.0,0.0,0.0,20.0,-0.139,0.0,0.0,0.34457074745253696,0.0,0.0,0.0,0.0,0.0,1.0
Snake,76,0.8708333333333332,0.0776164000424881,8.0,8.0,64.0,36.0,28.0,0.4375,60.0,1.0,1.0,3.3333333333333335,2.0,4.0,0.0,4.0,32.0,10.0,3.888888888888889,1.0,8.0,64.0,5.176604194463639e-16,0.08723068393433,0.0872306839343304,0.1909830056250534,0.3137405333196636,0.3137405333196644,0.0,0.0,1.0,1.0,1.0,1.0,-1.0,0.0,5.0,-1.0,0.0,9.0,-1.0,0.0,9.0,0.0,0.0,40.0,0.0,0.0,3.0,0.0,0.0,6.0,-1.0,0.0,6.0,0.0,0.0,25.0,0.0,0.0,20.0,0.0,0.0,20.0,-0.258,0.0,0.0,0.43535732450482556,0.0,0.0,0.0,0.0,0.0,1.0
Snake,77,0.8083333333333332,0.1605113357021518,8.0,8.0,64.0,36.0,28.0,0.4375,60.0,1.0,1.0,3.3333333333333335,2.0,4.0,0.0,4.0,32.0,10.0,3.888888888888889,1.0,8.0,64.0,5.176604194463639e-16,0.08723068393433,0.0872306839343304,0.1909830056250534,0.3137405333196636,0.3137405333196644,0.0,0.0,1.0,1.0,1.0,1.0,-1.0,0.0,3.0,-1.0,0.0,5.0,-1.0,0.0,5.0,-0.9,0.0,10.0,0.0,0.0,1.0,0.0,0.0,2.0,0.0,0.0,25.0,0.0,0.0,22.0,0.0,0.0,20.0,0.0,0.0,20.0,-0.13399999999999998,0.1,0.0,0.3385911989405513,0.02,0.0,0.0,0.0,0.0,1.0
Snake,78,0.7208333333333333,0.2495482028698175,8.0,8.0,64.0,36.0,28.0,0.4375,60.0,1.0,1.0,3.3333333333333335,2.0,4.0,0.0,4.0,32.0,10.0,3.888888888888889,1.0,8.0,64.0,5.176604194463639e-16,0.08723068393433,0.0872306839343304,0.1909830056250534,0.3137405333196636,0.3137405333196644,0.0,0.0,1.0,1.0,1.0,1.0,-1.0,0.0,5.0,-1.0,0.0,9.0,-1.0,0.0,9.0,0.0,0.0,40.0,0.0,0.0,3.0,0.0,0.0,6.0,-1.0,0.0,6.0,0.05,0.0,28.0,0.0,0.0,20.0,0.0,0.0,20.0,-0.06,0.0,0.0,0.23748684174075835,0.0,0.0,0.0,0.05,1.0,1.0
Snake,79,0.8708333333333335,0.1009503453298809,8.0,8.0,64.0,36.0,28.0,0.4375,60.0,1.0,1.0,3.3333333333333335,2.0,4.0,0.0,4.0,32.0,10.0,3.888888888888889,1.0,9.0,64.0,5.176604194463639e-16,0.08723068393433,0.0872306839343304,0.1909830056250534,0.3137405333196636,0.3137405333196644,0.0,0.0,1.0,1.0,1.0,1.0,-1.0,0.0,3.0,-1.0,0.0,5.0,-1.0,0.0,5.0,0.0,0.0,40.0,0.0,0.0,1.0,0.0,0.0,2.0,0.0,0.0,26.0,-1.0,0.0,4.0,0.0,0.0,20.0,0.0,0.0,20.0,-0.1,0.0,0.0,0.3,0.0,0.0,0.0,0.0,0.0,1.0
