grid_seed,gap_x,gap_y,gap_col,gap_row_offset,path_len,manhattan,detour,size,diff_A_partial,diff_B1_successrate,diff_B2_evals
0,6,5,6,4,12,12,0,9,0.3125,0.8333333333333334,341.4166666666667
1,4,4,4,3,12,12,0,9,0.5069444444444444,1.0,374.6666666666667
2,6,2,6,1,12,12,0,9,0.4930555555555556,0.8333333333333334,317.1666666666667
3,6,1,6,0,12,12,0,9,0.25,0.5,180.58333333333334
4,5,7,5,6,12,12,0,9,0.20138888888888895,0.5,293.5
5,5,6,5,5,12,12,0,9,0.27083333333333337,1.0,385.25
6,4,4,4,3,12,12,0,9,0.4027777777777778,0.75,376.25
7,6,5,6,4,12,12,0,9,0.22222222222222232,0.75,376.4166666666667
8,5,3,5,2,12,12,0,9,0.5208333333333333,0.9166666666666666,319.25
9,4,7,4,6,12,12,0,9,0.30555555555555547,0.6666666666666667,259.3333333333333
10,5,7,5,6,12,12,0,9,0.05555555555555547,0.16666666666666663,178.91666666666666
11,2,1,2,0,12,12,0,9,0.20833333333333337,0.41666666666666663,183.83333333333334
12,5,2,5,1,12,12,0,9,0.38888888888888895,0.6666666666666667,291.75
13,6,7,6,6,12,12,0,9,0.04861111111111116,0.16666666666666663,197.5
14,2,6,2,5,12,12,0,9,0.5277777777777779,0.9166666666666666,342.3333333333333
15,6,5,6,4,12,12,0,9,0.25694444444444453,0.8333333333333334,358.0833333333333
16,4,4,4,3,12,12,0,9,0.5069444444444444,1.0,395.9166666666667
17,5,6,5,5,12,12,0,9,0.2222222222222222,0.9166666666666666,426.0
18,6,3,6,2,12,12,0,9,0.4722222222222222,0.9166666666666666,328.0
19,4,3,4,2,12,12,0,9,0.5069444444444444,0.8333333333333334,325.1666666666667
20,6,2,6,1,12,12,0,9,0.3819444444444444,0.6666666666666667,270.1666666666667
21,3,6,3,5,12,12,0,9,0.4652777777777778,1.0,369.9166666666667
22,5,3,5,2,12,12,0,9,0.4305555555555556,0.9166666666666666,346.3333333333333
23,2,5,2,4,12,12,0,9,0.5555555555555556,1.0,354.6666666666667
24,3,3,3,2,12,12,0,9,0.47916666666666663,0.8333333333333334,393.5
25,4,2,4,1,12,12,0,9,0.5,0.6666666666666667,288.5
26,6,4,6,3,12,12,0,9,0.35416666666666663,0.9166666666666666,381.0833333333333
27,2,5,2,4,12,12,0,9,0.5277777777777779,0.9166666666666666,373.0
28,5,6,5,5,12,12,0,9,0.2777777777777778,1.0,381.8333333333333
29,6,1,6,0,12,12,0,9,0.33333333333333337,0.6666666666666667,202.5
30,2,2,2,1,12,12,0,9,0.38888888888888895,0.5833333333333333,511.5
31,4,7,4,6,12,12,0,9,0.17361111111111105,0.41666666666666663,269.0
32,6,2,6,1,12,12,0,9,0.5833333333333333,1.0,330.0
33,6,4,6,3,12,12,0,9,0.3680555555555557,1.0,431.75
34,2,1,2,0,12,12,0,9,0.11805555555555547,0.25,153.0
35,2,3,2,2,12,12,0,9,0.5138888888888888,0.75,319.0833333333333
36,3,2,3,1,12,12,0,9,0.6388888888888888,0.9166666666666666,325.0
37,2,5,2,4,12,12,0,9,0.6180555555555556,1.0,379.0833333333333
38,3,4,3,3,12,12,0,9,0.42361111111111116,0.8333333333333334,378.0833333333333
39,6,4,6,3,12,12,0,9,0.30555555555555547,0.75,321.75
40,4,6,4,5,12,12,0,9,0.3819444444444444,1.0,370.5833333333333
41,5,7,5,6,12,12,0,9,0.23611111111111116,0.6666666666666667,265.4166666666667
42,2,6,2,5,12,12,0,9,0.5486111111111112,1.0,311.75
43,4,5,4,4,12,12,0,9,0.32638888888888895,0.8333333333333334,376.8333333333333
44,5,1,5,0,12,12,0,9,0.20833333333333337,0.41666666666666663,166.75
45,6,5,6,4,12,12,0,9,0.33333333333333337,1.0,394.25
46,4,7,4,6,12,12,0,9,0.2847222222222222,0.5,261.1666666666667
47,2,6,2,5,12,12,0,9,0.49305555555555547,1.0,358.4166666666667
48,2,3,2,2,12,12,0,9,0.4097222222222222,0.5833333333333333,277.5833333333333
49,2,3,2,2,12,12,0,9,0.5972222222222221,0.8333333333333334,351.0833333333333
50,5,6,5,5,12,12,0,9,0.23611111111111105,0.9166666666666666,401.5
51,3,7,3,6,12,12,0,9,0.3402777777777778,0.5833333333333333,293.3333333333333
52,6,5,6,4,12,12,0,9,0.26388888888888884,0.75,274.0
53,5,1,5,0,12,12,0,9,0.26388888888888895,0.5833333333333333,195.25
54,3,2,3,1,12,12,0,9,0.5763888888888888,0.8333333333333334,361.1666666666667
55,6,6,6,5,12,12,0,9,0.2777777777777778,0.9166666666666666,369.1666666666667
56,3,6,3,5,12,12,0,9,0.49305555555555547,1.0,398.8333333333333
57,2,5,2,4,12,12,0,9,0.6319444444444444,1.0,355.0833333333333
58,4,3,4,2,12,12,0,9,0.5972222222222221,0.9166666666666666,349.6666666666667
59,5,5,5,4,12,12,0,9,0.29861111111111105,0.8333333333333334,344.0
