level_id,tier,d_probe,grid_height,grid_width,grid_area,num_free_cells,num_wall_cells,wall_fraction,num_edges,mean_degree,min_degree,max_degree,num_deadends,num_corridor_cells,num_branch_cells,num_components,largest_component_frac,graph_diameter,mean_pair_distance,player_reachable_frac,player_eccentricity,num_bridges,num_articulation_points,num_boxes,num_targets,boxes_on_target_init,box_target_dist_sum,box_target_dist_mean,box_target_dist_max,box_target_matching_lb,num_dead_cells,boxes_in_corner_init,player_to_nearest_box,laplacian_eig_0,laplacian_eig_1,laplacian_eig_2,laplacian_eig_3,laplacian_eig_4,laplacian_eig_5,pool_id
unfiltered/316/147,unfiltered,0.21999999999999986,10.0,10.0,100.0,36.0,64.0,0.64,51.0,2.8333333333333335,1.0,4.0,3.0,7.0,26.0,1.0,1.0,14.0,5.08179012345679,1.0,9.0,5.0,6.0,4.0,4.0,0.0,16.0,4.0,6.0,20.0,6.0,0.0,1.0,-6.013911432076115e-16,0.019423004171027287,0.07011973666414485,0.10562407770599942,0.20032134204032784,0.2571588046410322,0
unfiltered/316/315,unfiltered,0.0,10.0,10.0,100.0,35.0,65.0,0.65,51.0,2.914285714285714,1.0,4.0,1.0,12.0,22.0,1.0,1.0,11.0,4.228571428571429,1.0,9.0,1.0,1.0,4.0,4.0,0.0,8.0,2.0,3.0,9.0,8.0,0.0,4.0,-4.4790885105047705e-17,0.04971180036518012,0.07573899085502156,0.14523286610556235,0.18403432629884003,0.28985708393717385,1
medium/440/310,medium,0.21999999999999986,10.0,10.0,100.0,20.0,80.0,0.8,24.0,2.4,1.0,4.0,1.0,11.0,8.0,1.0,1.0,14.0,4.86,1.0,13.0,8.0,8.0,4.0,4.0,0.0,7.0,1.75,2.0,10.0,5.0,0.0,1.0,-6.270328230094209e-16,0.021425271081196604,0.11090292251910086,0.1972026569767432,0.34422843122828456,0.4597038878608348,2
hard/000/92,hard,0.23999999999999988,10.0,10.0,100.0,18.0,82.0,0.82,26.0,2.888888888888889,1.0,4.0,1.0,4.0,13.0,1.0,1.0,8.0,2.9012345679012346,1.0,6.0,1.0,1.0,4.0,4.0,0.0,5.0,1.25,2.0,5.0,4.0,0.0,1.0,2.0400597790256433e-17,0.10577557630734098,0.24361105420184295,0.423777531913073,0.50815444531866,0.648165646988914,3
hard/000/866,hard,0.21818181818181803,10.0,10.0,100.0,30.0,70.0,0.7,40.0,2.6666666666666665,1.0,4.0,2.0,11.0,17.0,1.0,1.0,14.0,5.144444444444445,1.0,11.0,5.0,6.0,4.0,4.0,0.0,5.0,1.25,2.0,11.0,9.0,0.0,1.0,1.8555391764002726e-17,0.0145491325579088,0.08547869028094437,0.15452580805972618,0.2205398839665992,0.30990830118421336,4
hard/000/740,hard,0.22499999999999987,10.0,10.0,100.0,33.0,67.0,0.67,41.0,2.484848484848485,1.0,4.0,2.0,14.0,17.0,1.0,1.0,16.0,6.148760330578512,1.0,15.0,5.0,6.0,4.0,4.0,0.0,14.0,3.5,6.0,16.0,8.0,0.0,1.0,-3.8617338332236413e-16,0.010325369832800834,0.06992783579469079,0.09132011295399102,0.1952635733407837,0.2486311636943957,5
unfiltered/316/76,unfiltered,0.24444444444444435,10.0,10.0,100.0,35.0,65.0,0.65,48.0,2.742857142857143,1.0,4.0,4.0,6.0,25.0,1.0,1.0,13.0,4.7608163265306125,1.0,7.0,5.0,5.0,4.0,4.0,0.0,9.0,2.25,3.0,9.0,6.0,0.0,3.0,-2.509569017380187e-16,0.024013450006156015,0.06972020817928185,0.14699661029019395,0.20948444623245854,0.2725144246882622,6
unfiltered/316/179,unfiltered,0.0,10.0,10.0,100.0,35.0,65.0,0.65,53.0,3.0285714285714285,1.0,4.0,1.0,9.0,25.0,1.0,1.0,12.0,4.365714285714286,1.0,11.0,2.0,2.0,4.0,4.0,0.0,7.0,1.75,3.0,7.0,8.0,0.0,1.0,4.47888599653969e-16,0.043545273896573006,0.06940981344609577,0.16023917814476019,0.2469223371634414,0.287790021854445,7
hard/000/654,hard,0.23333333333333317,10.0,10.0,100.0,24.0,76.0,0.76,34.0,2.8333333333333335,1.0,4.0,2.0,5.0,17.0,1.0,1.0,10.0,3.8506944444444446,1.0,8.0,2.0,2.0,4.0,4.0,0.0,4.0,1.0,1.0,6.0,7.0,0.0,2.0,1.948243704954191e-16,0.037648176387895464,0.1835865046426466,0.27846581780454194,0.3724715255845651,0.4531548332830343,8
unfiltered/316/95,unfiltered,0.0,10.0,10.0,100.0,38.0,62.0,0.62,61.0,3.210526315789474,2.0,4.0,0.0,10.0,28.0,1.0,1.0,10.0,4.139889196675901,1.0,10.0,0.0,0.0,4.0,4.0,0.0,6.0,1.5,2.0,8.0,9.0,0.0,4.0,-2.526135331248895e-16,0.06085390202416509,0.06903242993622967,0.1998433029587491,0.23095384991447526,0.2924805137849972,9
unfiltered/316/315,unfiltered,0.0,10.0,10.0,100.0,35.0,65.0,0.65,51.0,2.914285714285714,1.0,4.0,1.0,12.0,22.0,1.0,1.0,11.0,4.228571428571429,1.0,9.0,1.0,1.0,4.0,4.0,0.0,8.0,2.0,3.0,9.0,8.0,0.0,4.0,-4.4790885105047705e-17,0.04971180036518012,0.07573899085502156,0.14523286610556235,0.18403432629884003,0.28985708393717385,10
unfiltered/316/183,unfiltered,0.0,10.0,10.0,100.0,33.0,67.0,0.67,50.0,3.0303030303030303,1.0,4.0,1.0,7.0,25.0,1.0,1.0,14.0,4.657483930211203,1.0,11.0,1.0,1.0,4.0,4.0,0.0,8.0,2.0,3.0,10.0,6.0,0.0,2.0,-2.1747624456349688e-16,0.0293783167904283,0.1120645123154704,0.18302860083611702,0.2547530110778369,0.3467343367545555,11
medium/440/310,medium,0.21999999999999986,10.0,10.0,100.0,20.0,80.0,0.8,24.0,2.4,1.0,4.0,1.0,11.0,8.0,1.0,1.0,14.0,4.86,1.0,13.0,8.0,8.0,4.0,4.0,0.0,7.0,1.75,2.0,10.0,5.0,0.0,1.0,-6.270328230094209e-16,0.021425271081196604,0.11090292251910086,0.1972026569767432,0.34422843122828456,0.4597038878608348,12
medium/440/561,medium,0.0,10.0,10.0,100.0,38.0,62.0,0.62,54.0,2.8421052631578947,1.0,4.0,1.0,10.0,27.0,1.0,1.0,13.0,5.232686980609419,1.0,10.0,1.0,1.0,4.0,4.0,0.0,12.0,3.0,4.0,17.0,6.0,0.0,1.0,-6.378510496595237e-16,0.021696672371880606,0.058040881211313226,0.10324888120724145,0.20796116652929558,0.24092402332415933,13
medium/440/498,medium,0.2499999999999999,10.0,10.0,100.0,28.0,72.0,0.72,39.0,2.7857142857142856,1.0,4.0,1.0,9.0,18.0,1.0,1.0,13.0,4.9311224489795915,1.0,13.0,4.0,5.0,4.0,4.0,0.0,6.0,1.5,2.0,8.0,7.0,0.0,1.0,-1.011330818133842e-16,0.013629781239650087,0.10554647729265752,0.23755792434435205,0.32752590226437023,0.3705773855911994,14
hard/000/160,hard,0.2499999999999999,10.0,10.0,100.0,37.0,63.0,0.63,49.0,2.6486486486486487,1.0,4.0,3.0,12.0,22.0,1.0,1.0,19.0,6.20891161431702,1.0,17.0,8.0,9.0,4.0,4.0,0.0,6.0,1.5,2.0,8.0,10.0,0.0,1.0,-9.511596836986867e-16,0.01470490227224348,0.039947681183052045,0.08812690610058749,0.12674196335668753,0.23863138271795656,15
unfiltered/316/315,unfiltered,0.0,10.0,10.0,100.0,35.0,65.0,0.65,51.0,2.914285714285714,1.0,4.0,1.0,12.0,22.0,1.0,1.0,11.0,4.228571428571429,1.0,9.0,1.0,1.0,4.0,4.0,0.0,8.0,2.0,3.0,9.0,8.0,0.0,4.0,-4.4790885105047705e-17,0.04971180036518012,0.07573899085502156,0.14523286610556235,0.18403432629884003,0.28985708393717385,16
medium/440/927,medium,0.24615384615384606,10.0,10.0,100.0,31.0,69.0,0.69,39.0,2.5161290322580645,1.0,4.0,5.0,9.0,17.0,1.0,1.0,17.0,5.898022892819979,1.0,9.0,11.0,10.0,4.0,4.0,0.0,11.0,2.75,4.0,13.0,7.0,0.0,1.0,-4.016179919631247e-16,0.015334436421991705,0.0455838556452895,0.13549042390453217,0.20556808531518508,0.2832321680513183,17
medium/440/358,medium,0.0,10.0,10.0,100.0,31.0,69.0,0.69,41.0,2.6451612903225805,1.0,4.0,2.0,9.0,20.0,1.0,1.0,17.0,6.0894901144641,1.0,17.0,6.0,6.0,4.0,4.0,0.0,6.0,1.5,3.0,7.0,8.0,0.0,1.0,-1.0247764910332408e-15,0.010077740972103571,0.052394518354136145,0.1265903135333394,0.19419597879566217,0.35716895234299995,18
medium/440/192,medium,0.22857142857142843,10.0,10.0,100.0,39.0,61.0,0.61,52.0,2.6666666666666665,2.0,4.0,0.0,19.0,20.0,1.0,1.0,14.0,5.767258382642998,1.0,11.0,0.0,0.0,4.0,4.0,0.0,7.0,1.75,3.0,7.0,13.0,0.0,1.0,7.728343106993452e-16,0.021933095480171704,0.027414533098239616,0.07372186393881633,0.19355193582961616,0.21399835139990367,19
hard/000/866,hard,0.21818181818181803,10.0,10.0,100.0,30.0,70.0,0.7,40.0,2.6666666666666665,1.0,4.0,2.0,11.0,17.0,1.0,1.0,14.0,5.144444444444445,1.0,11.0,5.0,6.0,4.0,4.0,0.0,5.0,1.25,2.0,11.0,9.0,0.0,1.0,1.8555391764002726e-17,0.0145491325579088,0.08547869028094437,0.15452580805972618,0.2205398839665992,0.30990830118421336,20
unfiltered/316/95,unfiltered,0.0,10.0,10.0,100.0,38.0,62.0,0.62,61.0,3.210526315789474,2.0,4.0,0.0,10.0,28.0,1.0,1.0,10.0,4.139889196675901,1.0,10.0,0.0,0.0,4.0,4.0,0.0,6.0,1.5,2.0,8.0,9.0,0.0,4.0,-2.526135331248895e-16,0.06085390202416509,0.06903242993622967,0.1998433029587491,0.23095384991447526,0.2924805137849972,21
medium/440/191,medium,0.2545454545454544,10.0,10.0,100.0,39.0,61.0,0.61,52.0,2.6666666666666665,1.0,4.0,2.0,12.0,25.0,1.0,1.0,13.0,5.975016436554898,1.0,12.0,2.0,2.0,4.0,4.0,0.0,11.0,2.75,5.0,11.0,7.0,0.0,2.0,-3.6432540812195114e-16,0.023034063767608994,0.026498580222655294,0.11296362418932193,0.12490392172292729,0.2270689530254331,22
unfiltered/316/179,unfiltered,0.0,10.0,10.0,100.0,35.0,65.0,0.65,53.0,3.0285714285714285,1.0,4.0,1.0,9.0,25.0,1.0,1.0,12.0,4.365714285714286,1.0,11.0,2.0,2.0,4.0,4.0,0.0,7.0,1.75,3.0,7.0,8.0,0.0,1.0,4.47888599653969e-16,0.043545273896573006,0.06940981344609577,0.16023917814476019,0.2469223371634414,0.287790021854445,23
unfiltered/316/115,unfiltered,0.0,10.0,10.0,100.0,25.0,75.0,0.75,39.0,3.12,2.0,4.0,0.0,7.0,18.0,1.0,1.0,8.0,3.2384,1.0,5.0,0.0,0.0,4.0,4.0,0.0,4.0,1.0,1.0,6.0,6.0,0.0,2.0,-8.530890251455315e-16,0.09592150450425217,0.1604396993800674,0.30847218163395024,0.3691340801419436,0.48874524638718225,24
unfiltered/316/147,unfiltered,0.21999999999999986,10.0,10.0,100.0,36.0,64.0,0.64,51.0,2.8333333333333335,1.0,4.0,3.0,7.0,26.0,1.0,1.0,14.0,5.08179012345679,1.0,9.0,5.0,6.0,4.0,4.0,0.0,16.0,4.0,6.0,20.0,6.0,0.0,1.0,-6.013911432076115e-16,0.019423004171027287,0.07011973666414485,0.10562407770599942,0.20032134204032784,0.2571588046410322,25
medium/440/358,medium,0.0,10.0,10.0,100.0,31.0,69.0,0.69,41.0,2.6451612903225805,1.0,4.0,2.0,9.0,20.0,1.0,1.0,17.0,6.0894901144641,1.0,17.0,6.0,6.0,4.0,4.0,0.0,6.0,1.5,3.0,7.0,8.0,0.0,1.0,-1.0247764910332408e-15,0.010077740972103571,0.052394518354136145,0.1265903135333394,0.19419597879566217,0.35716895234299995,26
unfiltered/316/179,unfiltered,0.0,10.0,10.0,100.0,35.0,65.0,0.65,53.0,3.0285714285714285,1.0,4.0,1.0,9.0,25.0,1.0,1.0,12.0,4.365714285714286,1.0,11.0,2.0,2.0,4.0,4.0,0.0,7.0,1.75,3.0,7.0,8.0,0.0,1.0,4.47888599653969e-16,0.043545273896573006,0.06940981344609577,0.16023917814476019,0.2469223371634414,0.287790021854445,27
medium/440/971,medium,0.2545454545454544,10.0,10.0,100.0,39.0,61.0,0.61,51.0,2.6153846153846154,1.0,4.0,5.0,11.0,23.0,1.0,1.0,18.0,6.73767258382643,1.0,18.0,11.0,10.0,4.0,4.0,0.0,11.0,2.75,4.0,11.0,12.0,0.0,1.0,7.738175421630988e-18,0.007046822635821283,0.03676672469257639,0.08177873723680493,0.149735439568192,0.27133308259528716,28
hard/000/160,hard,0.2499999999999999,10.0,10.0,100.0,37.0,63.0,0.63,49.0,2.6486486486486487,1.0,4.0,3.0,12.0,22.0,1.0,1.0,19.0,6.20891161431702,1.0,17.0,8.0,9.0,4.0,4.0,0.0,6.0,1.5,2.0,8.0,10.0,0.0,1.0,-9.511596836986867e-16,0.01470490227224348,0.039947681183052045,0.08812690610058749,0.12674196335668753,0.23863138271795656,29
unfiltered/316/147,unfiltered,0.21999999999999986,10.0,10.0,100.0,36.0,64.0,0.64,51.0,2.8333333333333335,1.0,4.0,3.0,7.0,26.0,1.0,1.0,14.0,5.08179012345679,1.0,9.0,5.0,6.0,4.0,4.0,0.0,16.0,4.0,6.0,20.0,6.0,0.0,1.0,-6.013911432076115e-16,0.019423004171027287,0.07011973666414485,0.10562407770599942,0.20032134204032784,0.2571588046410322,30
hard/000/654,hard,0.23333333333333317,10.0,10.0,100.0,24.0,76.0,0.76,34.0,2.8333333333333335,1.0,4.0,2.0,5.0,17.0,1.0,1.0,10.0,3.8506944444444446,1.0,8.0,2.0,2.0,4.0,4.0,0.0,4.0,1.0,1.0,6.0,7.0,0.0,2.0,1.948243704954191e-16,0.037648176387895464,0.1835865046426466,0.27846581780454194,0.3724715255845651,0.4531548332830343,31
unfiltered/316/76,unfiltered,0.24444444444444435,10.0,10.0,100.0,35.0,65.0,0.65,48.0,2.742857142857143,1.0,4.0,4.0,6.0,25.0,1.0,1.0,13.0,4.7608163265306125,1.0,7.0,5.0,5.0,4.0,4.0,0.0,9.0,2.25,3.0,9.0,6.0,0.0,3.0,-2.509569017380187e-16,0.024013450006156015,0.06972020817928185,0.14699661029019395,0.20948444623245854,0.2725144246882622,32
medium/440/790,medium,0.6799999999999999,10.0,10.0,100.0,27.0,73.0,0.73,35.0,2.5925925925925926,1.0,4.0,2.0,10.0,15.0,1.0,1.0,14.0,4.548696844993141,1.0,13.0,5.0,6.0,4.0,4.0,0.0,6.0,1.5,3.0,10.0,7.0,0.0,1.0,-3.8846276694833147e-16,0.03136931192254323,0.09166411354713523,0.17251658366134834,0.19982727097879424,0.32945215247000564,33
medium/440/102,medium,0.8,10.0,10.0,100.0,26.0,74.0,0.74,36.0,2.769230769230769,1.0,4.0,3.0,6.0,17.0,1.0,1.0,12.0,3.896449704142012,1.0,12.0,6.0,6.0,4.0,4.0,0.0,5.0,1.25,2.0,7.0,5.0,0.0,4.0,-1.552911002880015e-16,0.07171518374732522,0.12241704699689995,0.14710673775003147,0.2928932188134522,0.3096430610038617,34
medium/440/714,medium,0.5555555555555556,10.0,10.0,100.0,38.0,62.0,0.62,52.0,2.736842105263158,1.0,4.0,2.0,10.0,26.0,1.0,1.0,12.0,5.544321329639889,1.0,11.0,2.0,2.0,4.0,4.0,0.0,8.0,2.0,4.0,9.0,8.0,0.0,4.0,-1.9272513959963304e-16,0.024963703992421357,0.03504204224944176,0.10905962682486942,0.16309369144297883,0.25974710724544225,35
medium/440/581,medium,0.8,10.0,10.0,100.0,42.0,58.0,0.58,56.0,2.6666666666666665,1.0,4.0,3.0,15.0,24.0,1.0,1.0,14.0,5.909297052154195,1.0,11.0,3.0,2.0,4.0,4.0,0.0,8.0,2.0,4.0,12.0,12.0,0.0,1.0,-5.581864878229569e-17,0.019335706254102816,0.030801345639160996,0.06959921053079576,0.12934074957116037,0.20764518081370922,36
medium/440/668,medium,0.6,10.0,10.0,100.0,36.0,64.0,0.64,50.0,2.7777777777777777,2.0,4.0,0.0,12.0,24.0,1.0,1.0,14.0,5.348765432098766,1.0,11.0,0.0,0.0,4.0,4.0,0.0,5.0,1.25,2.0,9.0,9.0,0.0,3.0,-1.499930599736528e-17,0.021887135971983496,0.05398125728385243,0.08880660346988828,0.21108797088646933,0.22334063559915895,37
medium/440/888,medium,0.54,10.0,10.0,100.0,39.0,61.0,0.61,56.0,2.871794871794872,1.0,4.0,1.0,11.0,27.0,1.0,1.0,12.0,4.83629191321499,1.0,12.0,1.0,2.0,4.0,4.0,0.0,8.0,2.0,4.0,10.0,10.0,0.0,2.0,-2.269657792287473e-15,0.03408321467181809,0.03990409967757403,0.08552571873830934,0.17147600163711532,0.258914227684316,38
medium/440/156,medium,1.0,10.0,10.0,100.0,39.0,61.0,0.61,53.0,2.717948717948718,1.0,4.0,4.0,8.0,27.0,1.0,1.0,13.0,5.222879684418146,1.0,10.0,4.0,4.0,4.0,4.0,0.0,11.0,2.75,4.0,21.0,9.0,0.0,3.0,-1.8770026099861384e-16,0.025998084042029437,0.04457112531690904,0.08100872809550774,0.18809874215784184,0.22443863634005945,39
unfiltered/316/14,unfiltered,0.5375,10.0,10.0,100.0,22.0,78.0,0.78,30.0,2.727272727272727,1.0,4.0,2.0,5.0,15.0,1.0,1.0,11.0,3.9008264462809916,1.0,11.0,3.0,3.0,4.0,4.0,0.0,9.0,2.25,4.0,16.0,5.0,0.0,1.0,4.430647966691457e-16,0.040061562522924365,0.16131024834132174,0.2612860876162278,0.42920235720565175,0.49404256654174367,40
medium/440/452,medium,0.8,10.0,10.0,100.0,33.0,67.0,0.67,45.0,2.727272727272727,1.0,4.0,1.0,8.0,24.0,1.0,1.0,17.0,6.0973370064279155,1.0,10.0,4.0,5.0,4.0,4.0,0.0,6.0,1.5,2.0,10.0,7.0,0.0,2.0,-4.945051164134045e-16,0.010630017452034438,0.03951322874836323,0.11484328933288317,0.2143836617713553,0.25463227865295396,41
unfiltered/316/379,unfiltered,0.3799999999999999,10.0,10.0,100.0,41.0,59.0,0.59,60.0,2.926829268292683,1.0,4.0,2.0,9.0,30.0,1.0,1.0,14.0,4.939916716240333,1.0,9.0,5.0,4.0,4.0,4.0,0.0,8.0,2.0,3.0,10.0,9.0,0.0,2.0,2.0015356122675632e-16,0.03448573541878176,0.06240718994489679,0.0770510275750326,0.1411978418373131,0.25844911106721546,42
medium/440/938,medium,0.4666666666666667,10.0,10.0,100.0,29.0,71.0,0.71,36.0,2.4827586206896552,1.0,4.0,5.0,8.0,16.0,1.0,1.0,14.0,5.279429250891796,1.0,12.0,10.0,10.0,4.0,4.0,0.0,12.0,3.0,5.0,12.0,7.0,0.0,1.0,-9.863105106267097e-17,0.015106402674514916,0.0807151465478784,0.11845713096191876,0.17343315652665084,0.3045155902547352,43
medium/440/864,medium,0.3599999999999999,10.0,10.0,100.0,48.0,52.0,0.52,66.0,2.75,1.0,4.0,4.0,13.0,31.0,1.0,1.0,20.0,7.027777777777778,1.0,12.0,9.0,7.0,4.0,4.0,0.0,7.0,1.75,3.0,15.0,12.0,0.0,1.0,-1.7888165144648327e-16,0.01004168710816934,0.027908039002173597,0.04764223968336912,0.09034251410994852,0.15389836449658204,44
unfiltered/316/111,unfiltered,0.30909090909090897,10.0,10.0,100.0,40.0,60.0,0.6,60.0,3.0,1.0,4.0,5.0,3.0,32.0,1.0,1.0,12.0,4.715,1.0,11.0,5.0,5.0,4.0,4.0,0.0,8.0,2.0,3.0,11.0,8.0,0.0,4.0,9.295397561398368e-17,0.03670014248611179,0.0748561320775309,0.13475254207816464,0.19850489556516596,0.283027516898869,45
unfiltered/316/113,unfiltered,0.33999999999999986,10.0,10.0,100.0,32.0,68.0,0.68,42.0,2.625,1.0,4.0,1.0,14.0,17.0,1.0,1.0,18.0,6.71875,1.0,11.0,8.0,10.0,4.0,4.0,0.0,8.0,2.0,3.0,10.0,10.0,0.0,1.0,4.1249272940514023e-16,0.008069298613737574,0.05676726698161325,0.09368449198587113,0.19110566554891145,0.2849596289633293,46
unfiltered/316/582,unfiltered,0.4833333333333333,10.0,10.0,100.0,24.0,76.0,0.76,29.0,2.4166666666666665,1.0,4.0,3.0,10.0,11.0,1.0,1.0,16.0,5.152777777777778,1.0,14.0,9.0,10.0,4.0,4.0,0.0,6.0,1.5,3.0,12.0,6.0,0.0,1.0,-7.441311543209419e-16,0.024408814177869182,0.05457935099630005,0.14449219206195518,0.3232455054972957,0.42009925656116603,47
unfiltered/316/959,unfiltered,0.3599999999999999,10.0,10.0,100.0,42.0,58.0,0.58,64.0,3.0476190476190474,1.0,4.0,3.0,5.0,34.0,1.0,1.0,14.0,5.149659863945578,1.0,13.0,3.0,3.0,4.0,4.0,0.0,5.0,1.25,2.0,5.0,8.0,0.0,1.0,9.003145614612431e-16,0.01929693354029471,0.08396711258083842,0.16662753953218185,0.2062058575465953,0.22275997665782624,48
unfiltered/316/207,unfiltered,0.2666666666666666,10.0,10.0,100.0,21.0,79.0,0.79,27.0,2.5714285714285716,1.0,4.0,1.0,9.0,11.0,1.0,1.0,11.0,4.244897959183674,1.0,8.0,4.0,5.0,4.0,4.0,0.0,5.0,1.25,2.0,6.0,5.0,0.0,1.0,-1.0584576733365275e-15,0.02733443923878592,0.11258762126688343,0.27877573304492637,0.380022274346676,0.514808208459903,49
hard/000/384,hard,0.3999999999999999,10.0,10.0,100.0,35.0,65.0,0.65,46.0,2.6285714285714286,1.0,4.0,2.0,15.0,18.0,1.0,1.0,13.0,5.136326530612245,1.0,8.0,2.0,2.0,4.0,4.0,0.0,8.0,2.0,3.0,9.0,8.0,0.0,1.0,-3.011241112753235e-16,0.025875144792618925,0.0503472990097383,0.1373165906684265,0.16441571789628473,0.2694925972437158,50
medium/440/864,medium,0.3599999999999999,10.0,10.0,100.0,48.0,52.0,0.52,66.0,2.75,1.0,4.0,4.0,13.0,31.0,1.0,1.0,20.0,7.027777777777778,1.0,12.0,9.0,7.0,4.0,4.0,0.0,7.0,1.75,3.0,15.0,12.0,0.0,1.0,-1.7888165144648327e-16,0.01004168710816934,0.027908039002173597,0.04764223968336912,0.09034251410994852,0.15389836449658204,51
medium/440/864,medium,0.3599999999999999,10.0,10.0,100.0,48.0,52.0,0.52,66.0,2.75,1.0,4.0,4.0,13.0,31.0,1.0,1.0,20.0,7.027777777777778,1.0,12.0,9.0,7.0,4.0,4.0,0.0,7.0,1.75,3.0,15.0,12.0,0.0,1.0,-1.7888165144648327e-16,0.01004168710816934,0.027908039002173597,0.04764223968336912,0.09034251410994852,0.15389836449658204,52
medium/440/864,medium,0.3599999999999999,10.0,10.0,100.0,48.0,52.0,0.52,66.0,2.75,1.0,4.0,4.0,13.0,31.0,1.0,1.0,20.0,7.027777777777778,1.0,12.0,9.0,7.0,4.0,4.0,0.0,7.0,1.75,3.0,15.0,12.0,0.0,1.0,-1.7888165144648327e-16,0.01004168710816934,0.027908039002173597,0.04764223968336912,0.09034251410994852,0.15389836449658204,53
unfiltered/316/959,unfiltered,0.3599999999999999,10.0,10.0,100.0,42.0,58.0,0.58,64.0,3.0476190476190474,1.0,4.0,3.0,5.0,34.0,1.0,1.0,14.0,5.149659863945578,1.0,13.0,3.0,3.0,4.0,4.0,0.0,5.0,1.25,2.0,5.0,8.0,0.0,1.0,9.003145614612431e-16,0.01929693354029471,0.08396711258083842,0.16662753953218185,0.2062058575465953,0.22275997665782624,54
unfiltered/316/959,unfiltered,0.3599999999999999,10.0,10.0,100.0,42.0,58.0,0.58,64.0,3.0476190476190474,1.0,4.0,3.0,5.0,34.0,1.0,1.0,14.0,5.149659863945578,1.0,13.0,3.0,3.0,4.0,4.0,0.0,5.0,1.25,2.0,5.0,8.0,0.0,1.0,9.003145614612431e-16,0.01929693354029471,0.08396711258083842,0.16662753953218185,0.2062058575465953,0.22275997665782624,55
unfiltered/316/959,unfiltered,0.3599999999999999,10.0,10.0,100.0,42.0,58.0,0.58,64.0,3.0476190476190474,1.0,4.0,3.0,5.0,34.0,1.0,1.0,14.0,5.149659863945578,1.0,13.0,3.0,3.0,4.0,4.0,0.0,5.0,1.25,2.0,5.0,8.0,0.0,1.0,9.003145614612431e-16,0.01929693354029471,0.08396711258083842,0.16662753953218185,0.2062058575465953,0.22275997665782624,56
unfiltered/316/111,unfiltered,0.30909090909090897,10.0,10.0,100.0,40.0,60.0,0.6,60.0,3.0,1.0,4.0,5.0,3.0,32.0,1.0,1.0,12.0,4.715,1.0,11.0,5.0,5.0,4.0,4.0,0.0,8.0,2.0,3.0,11.0,8.0,0.0,4.0,9.295397561398368e-17,0.03670014248611179,0.0748561320775309,0.13475254207816464,0.19850489556516596,0.283027516898869,57
unfiltered/316/111,unfiltered,0.30909090909090897,10.0,10.0,100.0,40.0,60.0,0.6,60.0,3.0,1.0,4.0,5.0,3.0,32.0,1.0,1.0,12.0,4.715,1.0,11.0,5.0,5.0,4.0,4.0,0.0,8.0,2.0,3.0,11.0,8.0,0.0,4.0,9.295397561398368e-17,0.03670014248611179,0.0748561320775309,0.13475254207816464,0.19850489556516596,0.283027516898869,58
unfiltered/316/111,unfiltered,0.30909090909090897,10.0,10.0,100.0,40.0,60.0,0.6,60.0,3.0,1.0,4.0,5.0,3.0,32.0,1.0,1.0,12.0,4.715,1.0,11.0,5.0,5.0,4.0,4.0,0.0,8.0,2.0,3.0,11.0,8.0,0.0,4.0,9.295397561398368e-17,0.03670014248611179,0.0748561320775309,0.13475254207816464,0.19850489556516596,0.283027516898869,59
