grid_seed,agent_x,agent_y,red_y,blue_y,door_row_gap,d_agent_red,d_red_blue,total_path,size,shaped_0,shaped_1,shaped_2,shaped_3,shaped_4,shaped_5,shaped_6,shaped_7,shaped_8,shaped_9,shaped_10,shaped_11
52,4,3,3,4,1,0,5,5,6,0.5,1.0,0.9,0.5,0.6,0.5,0.4,0.9,0.4,0.9,0.9,0.5
53,7,4,2,3,1,5,5,10,6,0.4,0.4,0.4,0.16000000000000003,0.4,0.4,0.4,0.4,0.4,0.4,0.4,0.4
54,4,1,3,3,0,2,4,6,6,0.9,0.4,0.9,0.4,0.6333333333333333,0.4,0.4,0.4,0.4,0.4,0.4,0.4
55,4,1,1,3,2,0,6,6,6,0.4,0.9,0.9,0.9,0.5,0.9,1.0,0.9,0.9,0.5,0.4,0.4
56,5,4,1,4,3,4,7,11,6,0.4,0.4,1.0,0.4,0.4,0.4,0.4,0.4,0.30000000000000004,0.4,0.4,0.4
57,7,2,4,4,0,5,4,9,6,0.4,0.4,0.24,0.4,0.4,0.4,0.4,1.0,0.4,0.5,0.4,0.4
58,6,1,4,4,0,5,4,9,6,0.4,0.32000000000000006,0.4,1.0,0.9,0.5,1.0,0.9,0.4,0.4,0.9,0.16000000000000003
59,7,3,4,3,1,4,5,9,6,1.0,0.9,0.4,0.4,0.4,0.8,0.9,0.9,0.4,0.4,0.30000000000000004,0.4
60,4,1,1,4,3,0,7,7,6,0.6333333333333333,0.5,0.7,0.4,0.5,0.4,0.4,0.4,0.5,0.9,0.4,0.6333333333333333
61,5,2,4,2,2,3,6,9,6,0.4,0.4,0.9,0.4,0.9,0.9,0.4,0.9,0.4,0.4,0.4,0.4
62,5,3,3,4,1,1,5,6,6,0.4,1.0,1.0,0.5,1.0,0.4,0.4,0.5,0.4,0.5,0.5,0.9
63,5,3,4,4,0,2,4,6,6,0.5,0.5,0.4,1.0,0.4,0.4,0.4,1.0,0.4,0.4,0.4,1.0
64,7,3,1,3,2,5,6,11,6,0.4,0.4,0.5,0.16000000000000003,0.9,0.5,0.9,0.4,0.4,0.4,0.9,0.9
